stage,variant,ablation,regime,policy,seed,slots,packet_drop_rate,mean_packet_delay,mean_packet_queue,explanation_coverage,high_risk_explanation_coverage,mean_explanation_delay,mean_explanation_debt,exposure_use,offload_rate,audit_rate,redaction_rate,local_compute_load,attacker_trigger_gain,budget_violation_rate,exposure_budget_violation_rate,alerts_per_slot,packets_per_slot,calibration_status
sanity,default,default,poisson,never_explain,101,200,0.0,0.009423076923076923,0.49,0.0,0.0,0.0,218.40819999999917,0.0,0.0,0.0,0.0,0.0,0.0,0.0,0.0,6.685,44.975,synthetic_default
sanity,default,default,poisson,always_explain,101,200,0.0,0.011724918448005819,0.6036499999999994,1.0,1.0,0.8500000000000001,0.0,0.0664888888888889,0.0,0.0,0.0,7.04,0.04914123914906332,0.0,0.0,7.04,44.735,synthetic_default
sanity,default,default,poisson,threshold_explain,101,200,0.0,0.012598603768639393,0.6528439999999995,0.39444839857651215,0.7893445133432052,0.29416370106761586,6.5623204444444525,0.01932777777777776,0.0,0.0,0.0,2.400399999999996,0.02862581448129342,0.0,0.0,7.025,45.53,synthetic_default
sanity,default,default,poisson,rate_limited,101,200,0.0,0.014668796100831012,0.7597289999999995,0.5777445855115756,0.8014756573512197,0.3893577296489924,0.2947675555555558,0.020397222222222223,0.0,0.0,0.0,2.99419999999999,0.0,0.0,0.0,6.695,44.98,synthetic_default
sanity,default,default,poisson,fifo_explanation,101,200,0.0,0.012659094767632398,0.6527999999999995,0.9872849663425579,0.9693599449415001,0.8519072550486175,0.09972944444444443,0.06233333333333346,0.0,0.0,0.0,6.6,0.0,0.0,0.0,6.685,44.7,synthetic_default
sanity,default,default,poisson,static_coarse_full,101,200,0.0,0.030044926830850863,1.558266999999999,0.3844232182218953,0.7913859184753806,0.2882072005878035,3.759125888888893,0.018491666666666684,0.0,0.0,0.0,2.279399999999996,0.0,0.0,0.0,6.805,45.635,synthetic_default
sanity,default,default,poisson,static_offload,101,200,0.0,0.012310281580808316,0.6394980000000002,0.35371179039301226,0.6686621315192719,0.40786026200873454,6.97909133333334,0.020666666666666687,0.24017467248908297,0.0,0.0,0.8519999999999984,0.015295943249832966,0.0,0.0,6.87,45.11,synthetic_default
sanity,default,default,poisson,budget_only_bexgov,101,200,0.0,0.005903637371943925,0.30599349999999986,0.3909819494584839,0.7598916397020062,0.29790613718411535,8.344095200000027,0.01780388888888889,0.0,0.059927797833935016,0.0,2.3132999999999964,0.03826980021740001,0.0,0.0,6.925,44.465,synthetic_default
sanity,default,default,poisson,xai_gate,101,200,0.0,0.020671864352072626,1.0734600000000014,0.8821819474058272,0.8379825590290154,1.3343923240938145,0.0,0.07466555555555554,0.9509594882729211,0.0,0.032693674484719264,1.2083999999999917,0.02862155938151112,0.0,0.0,7.035,45.595,synthetic_default
sanity,default,default,bursty,never_explain,101,200,0.19508489722966935,1.4989423076923085,77.945,0.0,0.0,0.0,539.9307849999977,0.0,0.0,0.0,0.0,0.0,0.1855823652070301,0.0,0.0,9.95,55.95,synthetic_default
sanity,default,default,bursty,always_explain,101,200,0.20607014550026947,1.5691324563966744,80.0542,1.0,1.0,0.8499999999999976,0.0,0.0978916666666664,0.0,0.0,0.0,10.365,0.24124303933896107,0.225,0.0,10.365,55.67,synthetic_default
sanity,default,default,bursty,threshold_explain,101,200,0.20262355543757182,1.561112996173929,80.55558500000001,0.4323732151649435,0.8097239249227829,0.32530773018217674,147.81204966666664,0.03131388888888894,0.0,0.0,0.0,3.8407999999999918,0.19812405981771541,0.0,0.0,10.155,56.505,synthetic_default
sanity,default,default,bursty,rate_limited,101,200,0.20706183824183652,1.5105093563690042,77.97142,0.47414814814814843,0.7898152659984536,0.6636296296296308,238.1587480555558,0.03298888888888895,0.0,0.0,0.0,4.131799999999985,0.20117448171545504,0.0,0.0,10.125,56.195,synthetic_default
sanity,default,default,bursty,fifo_explanation,101,200,0.20188564258827718,1.5592369127273598,80.19677499999997,0.7385012919896641,0.4954362597613319,0.889224806201548,159.85069555555555,0.06748055555555577,0.0,0.0,0.0,7.145,0.15612116866822046,0.0,0.0,9.675,55.79,synthetic_default
sanity,default,default,bursty,static_coarse_full,101,200,0.19942884264330044,1.5005520130868215,77.445118,0.4335626911314987,0.8156039642822079,0.3282110091743125,116.2467195555555,0.030800000000000067,0.0,0.0,0.0,3.745799999999993,0.19386637458926614,0.0,0.0,9.81,54.78,synthetic_default
sanity,default,default,bursty,static_offload,101,200,0.20391196404494388,1.551639650237933,80.48620799999999,0.41679566563467446,0.7075400993162092,0.5085397316821471,89.03859361111108,0.03708333333333334,0.31475748194014447,0.0,0.0,1.2929999999999975,0.16134831460674182,0.0,0.0,9.69,55.625,synthetic_default
sanity,default,default,bursty,budget_only_bexgov,101,200,0.1813501939416328,1.4436213215554234,74.5420585,0.4149663735126753,0.7656597554141794,0.3198137609932748,137.49137111111094,0.026156111111111133,0.0,0.08484221417485774,0.0,3.4279999999999986,0.19012436892008355,0.0,0.0,9.665,54.14,synthetic_default
sanity,default,default,bursty,xai_gate,101,200,0.2032617881755532,1.4507618084076568,75.20382,0.8724535875564498,0.8375900409804363,1.3090366281986918,0.020817777777777772,0.10252222222222226,0.91921726041144,0.0,0.0677370797792273,1.812499999999996,0.2048119937129731,0.0,0.0,9.965,55.14,synthetic_default
sanity,default,default,self_similar,never_explain,101,200,0.2800731509076131,4.347692307692324,226.08,0.0,0.0,0.0,851.3663399999999,0.0,0.0,0.0,0.0,0.0,0.24672627110990653,0.0,0.0,13.805,73.82,synthetic_default
sanity,default,default,self_similar,always_explain,101,200,0.2994847532432795,4.395050431770921,225.06204999999997,1.0,1.0,0.8499999999999991,0.0,0.13434722222222206,0.0,0.0,0.0,14.225,0.26833400205073366,0.17,0.0,14.225,74.77,synthetic_default
sanity,default,default,self_similar,threshold_explain,101,200,0.3044606212490933,4.183022703337695,216.18430800000002,0.43797335203366056,0.8201522825761686,0.3324158485273495,299.1722823333334,0.045519444444444494,0.0,0.0,0.0,5.516199999999992,0.25392952142276193,0.0,0.0,14.26,75.815,synthetic_default
sanity,default,default,self_similar,rate_limited,101,200,0.3058579085654228,4.308269767160994,222.59336199999998,0.47499144714334607,0.8105142807648144,0.6691070817653094,420.6947755555556,0.04811111111111121,0.0,0.0,0.0,5.9967999999999835,0.2799964967595028,0.0,0.0,14.615,76.12,synthetic_default
sanity,default,default,self_similar,fifo_explanation,101,200,0.3599198952241704,4.466636694958532,229.40105,0.6895113230035756,0.38431044686387383,0.8965733015494634,521.4410788888897,0.10927222222222223,0.0,0.0,0.0,11.57,0.3628979857050034,0.0,0.0,16.78,82.08,synthetic_default
sanity,default,default,self_similar,static_coarse_full,101,200,0.29740925371147064,4.376445939288022,226.199092,0.4424895688456188,0.8213451973633862,0.3361265646731577,339.58012499999995,0.04647222222222228,0.0,0.0,0.0,5.625199999999996,0.276435212924129,0.0,0.0,14.38,75.105,synthetic_default
sanity,default,default,self_similar,static_offload,101,200,0.31871552467348657,4.301095122972589,223.16738100000003,0.4102061170212767,0.7018528897410514,0.4970412234042553,332.64582494444454,0.05612222222222221,0.3058510638297872,0.0,0.0,1.998799999999999,0.2901842201205258,0.0,0.0,15.04,77.715,synthetic_default
sanity,default,default,self_similar,budget_only_bexgov,101,200,0.277883397050792,4.3888793802302475,227.063955,0.4008210828253862,0.7530484104383564,0.3078702043743279,321.7849986000003,0.03525444444444443,0.0,0.09394048045894586,0.0,4.7232,0.2693427999271789,0.0,0.0,13.945,73.24,synthetic_default
sanity,default,default,self_similar,xai_gate,101,200,0.32737181276163935,4.3286166699856965,224.527472,0.8476608187134513,0.8338902885006103,1.2997465886939539,3.0462647222222206,0.16105555555555556,0.9418453541260559,0.0,0.0,2.3191999999999986,0.30153494862362096,0.0,0.0,15.39,78.83,synthetic_default
sanity,default,default,markov_modulated,never_explain,101,200,0.22958845004978426,2.2225961538461565,115.575,0.0,0.0,0.0,632.3158099999995,0.0,0.0,0.0,0.0,0.0,0.37404580152671785,0.0,0.0,12.42,60.26,synthetic_default
sanity,default,default,markov_modulated,always_explain,101,200,0.20011074754593508,2.4297358250454857,124.09907500000003,1.0,1.0,0.8499999999999972,0.0,0.11522222222222184,0.0,0.0,0.0,12.2,0.36476773778560867,0.315,0.0,12.2,59.595,synthetic_default
sanity,default,default,markov_modulated,threshold_explain,101,200,0.05439050583657588,1.1177082844232353,57.748079,0.4433394160583944,0.8280470837993026,0.3387165450121664,73.24287933333325,0.0269944444444445,0.0,0.0,0.0,3.2421999999999946,0.2184546970539183,0.005,0.0,8.22,44.975,synthetic_default
sanity,default,default,markov_modulated,rate_limited,101,200,0.08947352352879251,1.3085326852730654,67.58398999999999,0.5249150622876558,0.7978896092988841,0.6120894677236688,104.63621294444448,0.031219444444444522,0.0,0.0,0.0,3.9549999999999867,0.23942871179422487,0.005,0.0,8.83,47.495,synthetic_default
sanity,default,default,markov_modulated,fifo_explanation,101,200,0.18758477633477594,1.9963429820816543,102.71599999999998,0.6593159315931593,0.38206547485476255,0.9011026102610258,378.5018822222221,0.06918055555555569,0.0,0.0,0.0,7.325,0.33597883597883604,0.0,0.0,11.11,55.44,synthetic_default
sanity,default,default,markov_modulated,static_coarse_full,101,200,0.20333914638212747,2.2405154931952667,115.517287,0.48849611769513734,0.8446347804081243,0.3749897834082555,192.57947355555552,0.04478611111111118,0.0,0.0,0.0,5.34519999999999,0.3598977436923414,0.0,0.0,12.235,59.98,synthetic_default
sanity,default,default,markov_modulated,static_offload,101,200,0.12231993429316838,1.7892229323433257,92.816695,0.4411373707533224,0.7123578079506462,0.5384096504185122,144.83620844444448,0.04115000000000004,0.3333333333333333,0.0,0.0,1.4333999999999996,0.3083389699487882,0.0,0.0,10.155,51.745,synthetic_default
sanity,default,default,markov_modulated,budget_only_bexgov,101,200,0.21621418463899075,2.1585738214413395,111.3484975,0.45729842061513026,0.777332664184593,0.35789692435577836,320.6977599111113,0.03569555555555565,0.0,0.12177888611803823,0.0,4.713899999999995,0.3673173642485723,0.0,0.0,12.03,58.655,synthetic_default
sanity,default,default,markov_modulated,xai_gate,101,200,0.27195161525559686,3.02094948750711,156.56069449999998,0.7584771399106242,0.8254174578975968,1.0764970780336862,47.635350255555544,0.12311444444444444,0.7411481608800276,0.0,0.011000343760742524,2.575800000000005,0.41422980626655925,0.0,0.0,14.545,68.565,synthetic_default
sanity,default,default,non_markovian,never_explain,101,200,0.15929125528913962,1.1324999999999996,58.89,0.0,0.0,0.0,611.2358449999989,0.0,0.0,0.0,0.0,0.0,0.12364833098260486,0.0,0.0,9.56,56.72,synthetic_default
sanity,default,default,non_markovian,always_explain,101,200,0.18517710085893913,1.426911357440727,72.88455000000003,1.0,1.0,0.8499999999999973,0.0,0.09057222222222194,0.0,0.0,0.0,9.59,0.1322648248177336,0.115,0.0,9.59,56.465,synthetic_default
sanity,default,default,non_markovian,threshold_explain,101,200,0.15122720416591853,1.633078707884992,84.39325700000003,0.43434108527131804,0.8124268284552283,0.32803617571059523,174.56808088888883,0.03025555555555565,0.0,0.0,0.0,3.691399999999991,0.15819716286586538,0.005,0.0,9.675,55.69,synthetic_default
sanity,default,default,non_markovian,rate_limited,101,200,0.16590892494929005,2.0829926961650695,107.717084,0.5019019019019022,0.7659553047548755,0.5885885885885882,334.2894899444447,0.03191111111111123,0.0,0.0,0.0,4.1775999999999796,0.12576064908722118,0.0,0.0,9.99,59.16,synthetic_default
sanity,default,default,non_markovian,fifo_explanation,101,200,0.15328299021262212,1.8299006742876573,94.19409999999998,0.8,0.6018836022312464,0.8799999999999963,312.56407444444443,0.07631111111111097,0.0,0.0,0.0,8.08,0.1362357970525363,0.0,0.0,10.1,59.26,synthetic_default
sanity,default,default,non_markovian,static_coarse_full,101,200,0.16646426318929514,1.5604159222650111,80.53711700000002,0.45034063260340695,0.8217027486497439,0.34145985401460005,207.00545488888903,0.03364166666666686,0.0,0.0,0.0,4.08239999999999,0.16764680814795874,0.015,0.0,10.275,58.665,synthetic_default
sanity,default,default,non_markovian,static_offload,101,200,0.1586152249134948,1.1975304059586878,62.107777999999996,0.40114422565194074,0.694023127164941,0.47716338477913756,169.4434310555556,0.03343888888888892,0.28898350186269295,0.0,0.0,1.2589999999999975,0.14065440417653252,0.0,0.0,9.395,54.91,synthetic_default
sanity,default,default,non_markovian,budget_only_bexgov,101,200,0.1631416876028762,1.3582130439974884,70.1623465,0.40571212121212225,0.7530627703912633,0.31459595959596043,237.8642009555557,0.025653888888888907,0.0,0.10252525252525252,0.0,3.4160999999999917,0.1435502035865892,0.0,0.0,9.9,57.715,synthetic_default
sanity,default,default,non_markovian,xai_gate,101,200,0.14936624794247594,1.3235249412771097,68.627866,0.7213543689320403,0.8200570850385811,0.9781116504854326,18.129018411111073,0.07431888888888898,0.6199029126213592,0.0,0.13980582524271845,2.211800000000004,0.18975425221635023,0.0,0.0,10.3,57.715,synthetic_default
sanity,default,default,transient_overload,never_explain,101,200,0.22296879144195916,1.1813461538461532,61.43,0.0,0.0,0.0,495.82896999999946,0.0,0.0,0.0,0.0,0.0,0.17525712433324503,0.0,0.0,9.97,56.555,synthetic_default
sanity,default,default,transient_overload,always_explain,101,200,0.23135277331906554,1.2985904883546633,66.05707500000003,1.0,1.0,0.8499999999999979,0.0,0.0957194444444442,0.0,0.0,0.0,10.135,0.20504131740086762,0.19,0.0,10.135,56.07,synthetic_default
sanity,default,default,transient_overload,threshold_explain,101,200,0.2422089135524149,1.213684910747856,62.45105900000001,0.43953712632594055,0.8240262024625432,0.3347637415621991,170.3324607777779,0.033505555555555656,0.0,0.0,0.0,4.041199999999992,0.1988785803057891,0.0,0.0,10.37,57.665,synthetic_default
sanity,default,default,transient_overload,rate_limited,101,200,0.2320840282117669,1.2152443623884268,62.677399000000015,0.46669990029910263,0.7649734837527661,0.652367896311065,297.1161768333335,0.031402777777777835,0.0,0.0,0.0,3.9873999999999854,0.19394101717108647,0.0,0.0,10.03,56.005,synthetic_default
sanity,default,default,transient_overload,fifo_explanation,101,200,0.22466678723211833,1.213886596673145,62.401075,0.722057368941642,0.4894305573268707,0.8916913946587508,321.1389255555556,0.06894444444444435,0.0,0.0,0.0,7.3,0.218916719414052,0.0,0.0,10.11,55.295,synthetic_default
sanity,default,default,transient_overload,static_coarse_full,101,200,0.23009787992161052,1.218263038513028,62.73368000000001,0.446505242136795,0.8204590347226508,0.3383175237144292,163.24739788888894,0.03245555555555566,0.0,0.0,0.0,3.942199999999992,0.1895005641665184,0.0,0.0,10.015,56.13,synthetic_default
sanity,default,default,transient_overload,static_offload,101,200,0.22996461524993433,1.2141056788282265,62.92608400000001,0.41745419479267054,0.7030859129184005,0.5043201542912242,151.27607505555542,0.03922222222222227,0.3095467695274831,0.0,0.0,1.4096000000000002,0.21042341474802284,0.0,0.0,10.37,57.115,synthetic_default
sanity,default,default,transient_overload,budget_only_bexgov,101,200,0.22939144695683256,1.2303080287515529,63.40183399999999,0.41708071532141205,0.767659421160079,0.3240454325761246,189.70735126666682,0.028123888888888907,0.0,0.09763170613823104,0.0,3.6951999999999954,0.2327583638692765,0.0,0.0,10.345,55.945,synthetic_default
sanity,default,default,transient_overload,xai_gate,101,200,0.22673981448448086,1.239047558044847,64.1709355,0.773610019646368,0.8237475820516849,1.1015962671905686,32.24632801111112,0.08719000000000003,0.7514734774066798,0.0,0.04616895874263261,1.886800000000007,0.2106076822452141,0.0,0.0,10.18,56.06,synthetic_default
sanity,default,default,adversarial_explanation_flood,never_explain,101,200,0.0,0.012980769230769233,0.675,0.0,0.0,0.0,842.8938549999996,0.0,0.0,0.0,0.0,0.0,0.8310435980490705,0.0,0.0,12.295,44.765,synthetic_default
sanity,default,default,adversarial_explanation_flood,always_explain,101,200,0.0,0.020385174259370822,1.0425250000000006,1.0,1.0,0.8499999999999994,0.0,0.1164027777777777,0.0,0.0,0.0,12.325,0.8088424142359194,0.04,0.0,12.325,45.425,synthetic_default
sanity,default,default,adversarial_explanation_flood,threshold_explain,101,200,0.0,0.0164937635259565,0.8503849999999997,0.5707789559543229,0.884149417727396,0.44847063621533445,163.91058200000006,0.05543333333333333,0.0,0.0,0.0,6.420599999999987,0.8360852147216296,0.0,0.0,12.26,44.515,synthetic_default
sanity,default,default,adversarial_explanation_flood,rate_limited,101,200,0.0,0.03184765952543645,1.6429519999999989,0.6089727974015425,0.8712438718504151,0.6587088915956146,233.98371150000042,0.0566722222222223,0.0,0.0,0.0,6.732799999999972,0.7830383320664571,0.0,0.0,12.315,46.045,synthetic_default
sanity,default,default,adversarial_explanation_flood,fifo_explanation,101,200,0.0,0.011696733885830445,0.6009999999999994,0.8902387934645999,0.7884240253879526,0.8664641809803099,57.812258333333396,0.10034722222222225,0.0,0.0,0.0,10.625,0.8003544895727284,0.0,0.0,11.935,44.195,synthetic_default
sanity,default,default,adversarial_explanation_flood,static_coarse_full,101,200,0.0,0.013843306138166343,0.7139849999999999,0.5755028157683025,0.8833753129504579,0.45154867256637204,161.83628544444437,0.0564805555555556,0.0,0.0,0.0,6.553399999999986,0.8555008210180637,0.0,0.0,12.43,44.66,synthetic_default
sanity,default,default,adversarial_explanation_flood,static_offload,101,200,0.0,0.009133871934907722,0.47376500000000005,0.5278449353897455,0.7525820324005903,0.6883117965819096,107.15259672222217,0.0635,0.44893705710712795,0.0,0.0,1.785599999999999,0.8094052871742641,0.0,0.0,11.995,44.195,synthetic_default
sanity,default,default,adversarial_explanation_flood,budget_only_bexgov,101,200,0.0,0.010447565953000844,0.5398155,0.5366221294363271,0.8085782750690884,0.43248434237995825,202.49824540000012,0.043309444444444345,0.0,0.17453027139874738,0.0,5.617799999999996,0.7865801350192094,0.0,0.0,11.975,44.685,synthetic_default
sanity,default,default,adversarial_explanation_flood,xai_gate,101,200,0.0,0.011944761064602316,0.6167255,0.7175600505689006,0.8620325154717139,0.777661188369153,15.354424344444475,0.06152055555555565,0.27307206068268014,0.0,0.38727349346818374,5.225699999999997,0.7827360829389232,0.0,0.0,11.865,44.37,synthetic_default
sanity,default,default,rtt_uncertainty,never_explain,101,200,0.0,0.010384615384615386,0.54,0.0,0.0,0.0,299.0964849999987,0.0,0.0,0.0,0.0,0.0,0.12433715281640523,0.0,0.0,7.58,44.945,synthetic_default
sanity,default,default,rtt_uncertainty,always_explain,101,200,0.0,0.024065068475767816,1.239299999999999,1.0,1.0,0.850000000000001,0.0,0.07064444444444452,0.0,0.0,0.0,7.48,0.09524855406691546,0.0,0.0,7.48,45.53,synthetic_default
sanity,default,default,rtt_uncertainty,threshold_explain,101,200,0.0,0.021611349975915232,1.1198769999999993,0.41742896742896723,0.8115500206791938,0.3159736659736665,12.151162444444434,0.021805555555555592,0.0,0.0,0.0,2.6521999999999957,0.05679446336372718,0.0,0.0,7.215,45.515,synthetic_default
sanity,default,default,rtt_uncertainty,rate_limited,101,200,0.0,0.023287285782052164,1.2056769999999997,0.609665038381019,0.8327889102388083,0.4241800418702034,0.27080644444444474,0.025294444444444487,0.0,0.0,0.0,3.503799999999984,0.04981684981684964,0.0,0.0,7.165,45.5,synthetic_default
sanity,default,default,rtt_uncertainty,fifo_explanation,101,200,0.0,0.011887011141443677,0.6123499999999996,0.9905797101449275,0.9790794979079498,0.8514130434782629,0.06871722222222221,0.06455277777777792,0.0,0.0,0.0,6.835,0.03673653369393759,0.0,0.0,6.9,44.37,synthetic_default
sanity,default,default,rtt_uncertainty,static_coarse_full,101,200,0.0,0.018846584002358825,0.9766109999999995,0.4218446601941745,0.8102304737515984,0.31868932038834985,10.75772066666668,0.0219138888888889,0.0,0.0,0.0,2.672599999999994,0.05920376083443535,0.0,0.0,7.21,45.38,synthetic_default
sanity,default,default,rtt_uncertainty,static_offload,101,200,0.0,0.02388974932283569,1.2408330000000005,0.37745987438939194,0.6872505931127011,0.5386126915974055,7.8698017777777896,0.02396666666666668,0.27145847871598044,0.0,0.0,0.9047999999999979,0.07112157566244415,0.0,0.0,7.165,44.595,synthetic_default
sanity,default,default,rtt_uncertainty,budget_only_bexgov,101,200,0.0,0.012619827771567444,0.6538519999999999,0.38832187070151347,0.7473888175557344,0.29638927097661605,23.4254841555556,0.01777166666666665,0.0,0.08321870701513068,0.0,2.3800999999999974,0.07679774864844946,0.0,0.0,7.27,45.01,synthetic_default
sanity,default,default,rtt_uncertainty,xai_gate,101,200,0.0,0.007450062243418285,0.3856784999999999,0.7473850197109074,0.9359513626834314,0.8222900401617482,0.01932760000000003,0.048105555555555686,0.2516425755584757,0.019053876478318004,0.03153745072273324,3.735899999999999,0.14872259330540838,0.0,0.0,7.61,44.165,synthetic_default
sanity,default,default,detection_matrix_perturbation,never_explain,101,200,0.0,0.012788461538461537,0.665,0.0,0.0,0.0,259.6248266382285,0.0,0.0,0.0,0.0,0.0,0.07621671258034923,0.0,0.0,7.325,45.375,synthetic_default
sanity,default,default,detection_matrix_perturbation,always_explain,101,200,0.0,0.01634624672216906,0.8431749999999993,1.0,1.0,0.8500000000000015,0.0,0.06389166666666678,0.0,0.0,0.0,6.765,0.0027793218454694735,0.0,0.0,6.765,44.975,synthetic_default
sanity,default,default,detection_matrix_perturbation,threshold_explain,101,200,0.0,0.01185927972324178,0.6151119999999995,0.37935878962536,0.7841058060202976,0.2824567723342942,5.0949243561894555,0.018288888888888896,0.0,0.0,0.0,2.276599999999996,0.02655129058501604,0.0,0.0,6.94,45.07,synthetic_default
sanity,default,default,detection_matrix_perturbation,rate_limited,101,200,0.0,0.014335484068336323,0.7426129999999997,0.5888191881918816,0.8139085038571202,0.40143911439114477,0.23181324732168707,0.0217777777777778,0.0,0.0,0.0,3.1281999999999863,0.010213971520167231,0.0,0.0,6.775,44.71,synthetic_default
sanity,default,default,detection_matrix_perturbation,fifo_explanation,101,200,0.0,0.01380832480385748,0.7116999999999993,0.9947447447447447,0.9900013157252493,0.8507882882882893,0.03541802295283239,0.06256944444444452,0.0,0.0,0.0,6.625,0.003957037874505964,0.0,0.0,6.66,44.225,synthetic_default
sanity,default,default,detection_matrix_perturbation,static_coarse_full,101,200,0.0,0.009360142274241357,0.4851129999999998,0.36922253922967174,0.7744034189985626,0.2744293865905851,14.513597059148617,0.017899999999999992,0.0,0.0,0.0,2.2337999999999947,0.040715584752997636,0.0,0.0,7.01,44.905,synthetic_default
sanity,default,default,detection_matrix_perturbation,static_offload,101,200,0.0,0.015375144086096098,0.7985020000000003,0.36198347107437934,0.677831528193424,0.42473829201102026,12.67623806580661,0.0228888888888889,0.25413223140495866,0.0,0.0,0.8971999999999979,0.09009009009009117,0.0,0.0,7.26,44.4,synthetic_default
sanity,default,default,detection_matrix_perturbation,budget_only_bexgov,101,200,0.0,0.01223517001837933,0.6343030000000002,0.3615544412607454,0.7424760263217648,0.27897564469914005,29.666086158324312,0.015981111111111095,0.0,0.08882521489971347,0.0,2.1377999999999986,0.049466245677341814,0.0,0.0,6.98,44.34,synthetic_default
sanity,default,default,detection_matrix_perturbation,xai_gate,101,200,0.0,0.013236146256287521,0.686482,0.7458321377331396,0.8238254733009756,0.9809540889526527,0.013807451613569645,0.043796666666666706,0.5272596843615495,0.0,0.45050215208034433,2.075800000000002,0.04701817635571537,0.0,0.0,6.97,44.38,synthetic_default
sanity,default,default,poisson,never_explain,202,200,0.0,0.01076923076923077,0.56,0.0,0.0,0.0,201.25305499999936,0.0,0.0,0.0,0.0,0.0,0.0,0.0,0.0,6.68,44.92,synthetic_default
sanity,default,default,poisson,always_explain,202,200,0.0,0.016509325045945183,0.8515999999999994,1.0,1.0,0.8500000000000018,0.0,0.061625000000000124,0.0,0.0,0.0,6.525,0.0,0.0,0.0,6.525,44.47,synthetic_default
sanity,default,default,poisson,threshold_explain,202,200,0.0,0.018835317322975265,0.977019,0.379940784603997,0.7765168849831412,0.28234641006661754,4.447557777777784,0.017741666666666656,0.0,0.0,0.0,2.2145999999999963,0.003975773789618886,0.0,0.0,6.755,44.855,synthetic_default
sanity,default,default,poisson,rate_limited,202,200,0.0,0.014911062753790361,0.7728329999999994,0.5888389513108617,0.8149475172676299,0.401460674157304,0.23353283333333355,0.021458333333333364,0.0,0.0,0.0,3.0821999999999865,0.0,0.0,0.0,6.675,44.665,synthetic_default
sanity,default,default,poisson,fifo_explanation,202,200,0.0,0.023870261965964323,1.2306999999999986,0.9932785660941,0.9840288904147911,0.8510082150858863,0.05238555555555555,0.06280555555555567,0.0,0.0,0.0,6.65,0.0,0.0,0.0,6.695,44.84,synthetic_default
sanity,default,default,poisson,static_coarse_full,202,200,0.0,0.01706140629607865,0.8843129999999997,0.3931767337807603,0.7915325457860926,0.29418344519015693,3.3277795555555567,0.018541666666666658,0.0,0.0,0.0,2.291999999999997,0.0,0.0,0.0,6.705,44.815,synthetic_default
sanity,default,default,poisson,static_offload,202,200,0.0,0.014646792254281693,0.7606690000000002,0.37951807228915563,0.6902572520454472,0.45403614457831415,1.9994755000000006,0.02253333333333334,0.276355421686747,0.0,0.0,0.8339999999999982,0.0,0.0,0.0,6.64,44.69,synthetic_default
sanity,default,default,poisson,budget_only_bexgov,202,200,0.0,0.013839244259717045,0.7176089999999999,0.37367945823927784,0.7376174378667794,0.28197893152746417,7.860127866666674,0.015516111111111106,0.0,0.06847253574115876,0.0,2.0822999999999983,0.0,0.0,0.0,6.645,45.36,synthetic_default
sanity,default,default,poisson,xai_gate,202,200,0.0,0.019499425397635294,1.0126305,0.8836964415395787,0.83806454987707,1.3383877995642655,0.002441444444444445,0.07346111111111114,0.9564270152505446,0.0,0.025417574437182282,1.1690999999999905,0.013580655846306966,0.0,0.0,6.885,45.285,synthetic_default
sanity,default,default,bursty,never_explain,202,200,0.19544929339614256,1.5666346153846162,81.465,0.0,0.0,0.0,486.45791999999744,0.0,0.0,0.0,0.0,0.0,0.15663792848043134,0.0,0.0,9.76,56.255,synthetic_default
sanity,default,default,bursty,always_explain,202,200,0.1925429569052651,1.5729836618410604,80.3475,1.0,1.0,0.8499999999999996,0.0,0.09019444444444441,0.0,0.0,0.0,9.55,0.17002052130233647,0.16,0.0,9.55,54.415,synthetic_default
sanity,default,default,bursty,threshold_explain,202,200,0.19994401309209925,1.4895916617324507,76.83278400000002,0.44429868819374374,0.8257389289795387,0.3383451059535826,126.46265522222218,0.03235555555555558,0.0,0.0,0.0,3.9031999999999885,0.20132133224232507,0.005,0.0,9.91,54.995,synthetic_default
sanity,default,default,bursty,rate_limited,202,200,0.18113843043558164,1.5075100005161817,77.86769700000002,0.49112124463519335,0.791909895303306,0.62572424892704,172.98767711111134,0.030344444444444466,0.0,0.0,0.0,3.8793999999999844,0.1419469460270779,0.0,0.0,9.32,54.41,synthetic_default
sanity,default,default,bursty,fifo_explanation,202,200,0.21133111111111078,1.5443078957970644,79.42587499999998,0.7269938650306749,0.4931347526895606,0.8909509202453973,159.92169000000018,0.06715000000000024,0.0,0.0,0.0,7.11,0.1591111111111101,0.0,0.0,9.78,56.25,synthetic_default
sanity,default,default,bursty,static_coarse_full,202,200,0.20551044112415515,1.5319481670250994,78.99677000000003,0.4457572767636902,0.8306798659762399,0.34104588061174207,132.26245044444443,0.033580555555555586,0.0,0.0,0.0,4.025599999999994,0.2018261591367254,0.0,0.0,10.135,56.22,synthetic_default
sanity,default,default,bursty,static_offload,202,200,0.19099812999273785,1.5432231934443756,80.04285299999998,0.4169999999999989,0.703256461799015,0.5024358974358973,98.48509377777768,0.036705555555555575,0.3076923076923077,0.0,0.0,1.3297999999999994,0.18010167029774915,0.0,0.0,9.75,55.08,synthetic_default
sanity,default,default,bursty,budget_only_bexgov,202,200,0.191215216201423,1.5099505788486247,78.01744650000002,0.4084537725823599,0.763821608635332,0.31615302869287987,131.79743588888886,0.02483722222222222,0.0,0.09458023379383634,0.0,3.2793999999999977,0.14455999513470807,0.0,0.0,9.41,54.81,synthetic_default
sanity,default,default,bursty,xai_gate,202,200,0.1952868828828829,1.5274244647679545,79.205596,0.876930905195503,0.8378105291558453,1.3207820032137059,0.02855811111111109,0.09752111111111113,0.934654525977504,0.0,0.04874129619710766,1.648699999999995,0.12132132132132112,0.0,0.0,9.335,55.5,synthetic_default
sanity,default,default,self_similar,never_explain,202,200,0.3482788190616195,4.299519230769247,223.575,0.0,0.0,0.0,943.9457399999989,0.0,0.0,0.0,0.0,0.0,0.34101024949977465,0.0,0.0,16.42,81.63,synthetic_default
sanity,default,default,self_similar,always_explain,202,200,0.29550110909457544,4.391039148041869,224.76697499999997,1.0,1.0,0.8499999999999992,0.0,0.13666111111111098,0.0,0.0,0.0,14.47,0.2968564450718112,0.18,0.0,14.47,74.385,synthetic_default
sanity,default,default,self_similar,threshold_explain,202,200,0.3140992283250113,4.358189941936326,225.237667,0.4346231155778896,0.8134105142881776,0.3284589614740373,331.52962033333324,0.04677777777777782,0.0,0.0,0.0,5.702199999999996,0.29044809026651963,0.0,0.0,14.925,77.105,synthetic_default
sanity,default,default,self_similar,rate_limited,202,200,0.3555662054251749,4.475500509746588,231.194378,0.4480246523388119,0.7941470171951688,0.7043615676359027,606.8528607222224,0.05031944444444463,0.0,0.0,0.0,6.187599999999983,0.285786853601544,0.0,0.0,15.82,82.025,synthetic_default
sanity,default,default,self_similar,fifo_explanation,202,200,0.30931111549332707,4.408449956342373,226.487075,0.7663043478260869,0.5151856263865957,0.8850543478260858,368.8952038888892,0.10653333333333326,0.0,0.0,0.0,11.28,0.29012467407261333,0.0,0.0,14.72,76.065,synthetic_default
sanity,default,default,self_similar,static_coarse_full,202,200,0.3152135975135977,4.305210047154675,222.488809,0.43917295813315,0.8207686141981321,0.33351063829787264,303.9151017777776,0.046700000000000026,0.0,0.0,0.0,5.654999999999989,0.2578779245445906,0.0,0.0,14.57,77.22,synthetic_default
sanity,default,default,self_similar,static_offload,202,200,0.34717670870501394,4.400971307007663,228.326498,0.4034869240348691,0.6980352927053753,0.4849813200498129,371.8418160000003,0.05831111111111109,0.29638854296388545,0.0,0.0,2.127999999999998,0.3173382548959296,0.0,0.0,16.06,81.275,synthetic_default
sanity,default,default,self_similar,budget_only_bexgov,202,200,0.330140906210393,4.337276370725014,224.25640149999998,0.40109273670557827,0.7565933467806505,0.3076037613488979,425.4278289111109,0.03957444444444442,0.0,0.08463035019455253,0.0,5.247699999999998,0.3029150823827633,0.0,0.0,15.42,78.9,synthetic_default
sanity,default,default,self_similar,xai_gate,202,200,0.31071163425895837,4.24714224491999,220.326688,0.8438078902229853,0.8331811643491926,1.293838765008573,1.9422600555555565,0.15183333333333332,0.9375643224699829,0.0,0.0,2.1863999999999995,0.2637922438273621,0.0,0.0,14.575,76.885,synthetic_default
sanity,default,default,markov_modulated,never_explain,202,200,0.10296458416235575,1.4413461538461545,74.95,0.0,0.0,0.0,360.7363999999991,0.0,0.0,0.0,0.0,0.0,0.26475659901843795,0.0,0.0,9.535,50.26,synthetic_default
sanity,default,default,markov_modulated,always_explain,202,200,0.11411604569232414,1.185906391916805,60.602000000000025,1.0,1.0,0.8499999999999998,0.0,0.07938055555555554,0.0,0.0,0.0,8.405,0.19639870467243292,0.145,0.0,8.405,46.835,synthetic_default
sanity,default,default,markov_modulated,threshold_explain,202,200,0.08683127607230719,1.2402657123816117,64.03806999999998,0.4562066974595848,0.8268260001060616,0.34745958429561274,83.96253455555545,0.02904166666666676,0.0,0.0,0.0,3.50279999999999,0.23506970442471564,0.0,0.0,8.66,46.745,synthetic_default
sanity,default,default,markov_modulated,rate_limited,202,200,0.16296632559839205,2.0164552232035384,104.11383400000003,0.49977095739807675,0.7868154277735759,0.681172698121851,247.9118757222225,0.03927777777777791,0.0,0.0,0.0,4.791999999999985,0.3295572202935626,0.0,0.0,10.915,54.73,synthetic_default
sanity,default,default,markov_modulated,fifo_explanation,202,200,0.19742868190410687,2.2140196774305227,113.924475,0.6683937823834197,0.3781195624399205,0.8997409326424876,359.64047722222244,0.07310000000000005,0.0,0.0,0.0,7.74,0.3266884344389076,0.0,0.0,11.58,58.19,synthetic_default
sanity,default,default,markov_modulated,static_coarse_full,202,200,0.18893920873124145,1.8989011505223377,97.856399,0.49135355364418304,0.8490156500650504,0.37854232684472605,74.30843199999998,0.04102222222222224,0.0,0.0,0.0,4.872799999999997,0.33939669546763684,0.01,0.0,11.045,54.975,synthetic_default
sanity,default,default,markov_modulated,static_offload,202,200,0.10581339635924773,1.3378632401147699,69.404064,0.44756756756756666,0.7254693229039326,0.5630702702702703,68.78018466666664,0.03960000000000007,0.3572972972972973,0.0,0.0,1.2539999999999984,0.24040363404740295,0.0,0.0,9.25,49.715,synthetic_default
sanity,default,default,markov_modulated,budget_only_bexgov,202,200,0.1136797525309336,1.3987302498425203,72.2437165,0.43964145658263415,0.7764171433308439,0.3426330532212889,140.90626757777784,0.02581777777777782,0.0,0.10252100840336134,0.0,3.3732999999999946,0.21689334287759388,0.0,0.0,8.925,48.895,synthetic_default
sanity,default,default,markov_modulated,xai_gate,202,200,0.0884971896701389,1.1635450149555584,60.370745500000005,0.7798053986189584,0.8255662725575594,1.1532328939108525,5.006826455555556,0.07225444444444443,0.8066541117388575,0.0,0.044569993722536096,1.329899999999993,0.15234374999999956,0.0,0.0,7.965,46.08,synthetic_default
sanity,default,default,non_markovian,never_explain,202,200,0.15308870560511698,1.764326923076923,91.745,0.0,0.0,0.0,683.4485099999985,0.0,0.0,0.0,0.0,0.0,0.16310385456993792,0.0,0.0,10.365,59.41,synthetic_default
sanity,default,default,non_markovian,always_explain,202,200,0.17335181079083517,1.4787014557729312,75.53784999999995,1.0,1.0,0.8499999999999968,0.0,0.09222499999999964,0.0,0.0,0.0,9.765,0.20288248337028802,0.12,0.0,9.765,54.12,synthetic_default
sanity,default,default,non_markovian,threshold_explain,202,200,0.15154575391498887,1.7320827270237766,89.54342100000005,0.42441489361702145,0.8084343777789358,0.31973404255319293,176.74100288888906,0.028544444444444567,0.0,0.0,0.0,3.4947999999999912,0.12155108128262526,0.0,0.0,9.4,55.875,synthetic_default
sanity,default,default,non_markovian,rate_limited,202,200,0.16680329837770008,1.4233520990011723,73.53065500000001,0.4959095528455289,0.7693226823762892,0.6096798780487798,363.5124508888894,0.03178888888888903,0.0,0.0,0.0,4.10539999999998,0.17594335394819471,0.0,0.0,9.84,55.785,synthetic_default
sanity,default,default,non_markovian,fifo_explanation,202,200,0.18138043762531575,1.5393159852300642,79.17405000000002,0.7989974937343358,0.5995583717357887,0.8801503759398451,307.3536077777775,0.07527222222222217,0.0,0.0,0.0,7.97,0.15944555836457197,0.0,0.0,9.975,57.355,synthetic_default
sanity,default,default,non_markovian,static_coarse_full,202,200,0.16069885889229055,1.5761477990631798,81.463037,0.4253042035398234,0.8105686757461569,0.3211283185840717,169.76672200000013,0.027663888888888998,0.0,0.0,0.0,3.3763999999999883,0.11822370658997339,0.0,0.0,9.04,53.895,synthetic_default
sanity,default,default,non_markovian,static_offload,202,200,0.14259564359985658,1.5285861520997523,79.32227599999997,0.3902777777777765,0.6981114210837771,0.47258230452674854,167.2929849444446,0.034477777777777795,0.2906378600823045,0.0,0.0,1.2303999999999973,0.16170670491215522,0.0,0.0,9.72,55.78,synthetic_default
sanity,default,default,non_markovian,budget_only_bexgov,202,200,0.1577852320314503,2.3192370182833284,119.99760600000012,0.4131775236200907,0.7718870904683689,0.3218299353555451,229.48585864444456,0.027772222222222222,0.0,0.0870213823968175,0.0,3.589299999999991,0.14577101672221748,0.0,0.0,10.055,58.505,synthetic_default
sanity,default,default,non_markovian,xai_gate,202,200,0.15274463171036207,1.4341022219351403,74.3787615,0.7171174004192883,0.8197649308474652,0.9712526205450678,18.459512000000014,0.06758666666666666,0.6079664570230608,0.0,0.16614255765199162,2.0939000000000054,0.13429641519529079,0.0,0.0,9.54,56.07,synthetic_default
sanity,default,default,transient_overload,never_explain,202,200,0.23577593799542013,1.2119230769230764,63.02,0.0,0.0,0.0,544.5007799999998,0.0,0.0,0.0,0.0,0.0,0.20016440608302566,0.0,0.0,10.22,56.77,synthetic_default
sanity,default,default,transient_overload,always_explain,202,200,0.22804617806541894,1.3109216617651933,66.643475,1.0,1.0,0.8499999999999979,0.0,0.09944999999999976,0.0,0.0,0.0,10.53,0.2279167395487145,0.215,0.0,10.53,57.17,synthetic_default
sanity,default,default,transient_overload,threshold_explain,202,200,0.22980406100372397,1.2216591183875076,62.948374000000015,0.4311015664477011,0.8222335091067865,0.32847397675593815,143.08778366666675,0.03138888888888899,0.0,0.0,0.0,3.783799999999989,0.16982916592776554,0.0,0.0,9.895,56.39,synthetic_default
sanity,default,default,transient_overload,rate_limited,202,200,0.22763391034176647,1.2874715352638921,66.42620099999998,0.45745250852411157,0.7555749481853139,0.6631027764247424,329.66528444444407,0.03168333333333342,0.0,0.0,0.0,4.009799999999987,0.21497262908714365,0.0,0.0,10.265,56.325,synthetic_default
sanity,default,default,transient_overload,fifo_explanation,202,200,0.23531971580817018,1.1840584329844972,60.859849999999994,0.7024390243902439,0.46263640130760997,0.8946341463414611,352.7805338888889,0.06799999999999988,0.0,0.0,0.0,7.2,0.21373593842510363,0.0,0.0,10.25,56.3,synthetic_default
sanity,default,default,transient_overload,static_coarse_full,202,200,0.23811551800017608,1.2400190701574159,63.815162,0.4442398489140701,0.8306021913805689,0.33994334277620475,172.7134511111111,0.03498333333333344,0.0,0.0,0.0,4.192799999999995,0.24284834081506967,0.0,0.0,10.59,56.805,synthetic_default
sanity,default,default,transient_overload,static_offload,202,200,0.22270734473447348,1.2255610582970058,63.531271000000025,0.4108495394063452,0.6954573564779203,0.4894575230296827,141.3848699444444,0.03568888888888892,0.2968270214943705,0.0,0.0,1.3375999999999997,0.17251725172517274,0.0,0.0,9.77,55.55,synthetic_default
sanity,default,default,transient_overload,budget_only_bexgov,202,200,0.22131265230443228,1.2332467960935458,63.531194000000006,0.4210470701248809,0.7698417402643573,0.3273535062439971,185.07513635555574,0.028860555555555608,0.0,0.0941402497598463,0.0,3.766599999999997,0.22549885219848087,0.0,0.0,10.41,56.63,synthetic_default
sanity,default,default,transient_overload,xai_gate,202,200,0.2357648920095992,1.2210263777717807,63.25070450000001,0.7749189463019278,0.823809662351094,1.106499493414386,28.966026888888813,0.08488555555555555,0.7553191489361702,0.0,0.04964539007092199,1.8256000000000079,0.1696738067727317,0.0,0.0,9.87,56.255,synthetic_default
sanity,default,default,adversarial_explanation_flood,never_explain,202,200,0.0,0.01298076923076923,0.675,0.0,0.0,0.0,759.8845399999984,0.0,0.0,0.0,0.0,0.0,0.7553211178974646,0.0,0.0,11.855,45.025,synthetic_default
sanity,default,default,adversarial_explanation_flood,always_explain,202,200,0.0,0.02523304771214626,1.291900000000001,1.0,1.0,0.8499999999999996,0.0,0.1176305555555555,0.0,0.0,0.0,12.455,0.8209064327485383,0.045,0.0,12.455,45.6,synthetic_default
sanity,default,default,adversarial_explanation_flood,threshold_explain,202,200,0.0,0.028955503057593885,1.4920960000000003,0.5819096509240247,0.8834612079665431,0.4559342915811089,137.5140333333333,0.05575277777777782,0.0,0.0,0.0,6.48039999999999,0.7987072945521703,0.0,0.0,12.175,45.125,synthetic_default
sanity,default,default,adversarial_explanation_flood,rate_limited,202,200,0.0,0.016775976432140068,0.8658459999999991,0.6233874412644173,0.874647640403627,0.6199060230670661,160.52074644444463,0.053486111111111234,0.0,0.0,0.0,6.461199999999971,0.736969022444816,0.0,0.0,11.705,44.925,synthetic_default
sanity,default,default,adversarial_explanation_flood,fifo_explanation,202,200,0.0,0.01318630182182626,0.6772499999999992,0.8969465648854962,0.7988981551680571,0.8654580152671759,42.75729833333333,0.09987500000000003,0.0,0.0,0.0,10.575,0.7639138240574503,0.0,0.0,11.79,44.56,synthetic_default
sanity,default,default,adversarial_explanation_flood,static_coarse_full,202,200,0.0,0.00957414078378267,0.49379199999999984,0.5733991139750304,0.8838139543751606,0.45030205396697576,168.71144033333331,0.05632500000000008,0.0,0.0,0.0,6.527999999999989,0.8563792007775402,0.0,0.0,12.415,44.585,synthetic_default
sanity,default,default,adversarial_explanation_flood,static_offload,202,200,0.0,0.022475260151950453,1.1658810000000002,0.5314198782961461,0.7512620932697924,0.6900730223123732,141.51209116666666,0.06532777777777778,0.4486815415821501,0.0,0.0,1.8633999999999977,0.820867959372116,0.0,0.0,12.325,45.125,synthetic_default
sanity,default,default,adversarial_explanation_flood,budget_only_bexgov,202,200,0.0,0.01109708763832631,0.5724665,0.5409513830678974,0.8096067340325592,0.4367770326906957,202.25220651111104,0.043512222222222195,0.0,0.17937971500419111,0.0,5.645399999999991,0.7965514644981564,0.0,0.0,11.93,44.27,synthetic_default
sanity,default,default,adversarial_explanation_flood,xai_gate,202,200,0.0,0.02430453949225264,1.2545194999999998,0.7317003105590076,0.8680327639316722,0.7983035714285717,33.246961944444465,0.0690672222222223,0.2760093167701863,0.0,0.4083850931677019,5.887000000000001,0.8880093814130758,0.0,0.0,12.88,45.48,synthetic_default
sanity,default,default,rtt_uncertainty,never_explain,202,200,0.0,0.009326923076923076,0.485,0.0,0.0,0.0,289.2902699999988,0.0,0.0,0.0,0.0,0.0,0.10926234054353934,0.0,0.0,7.5,45.075,synthetic_default
sanity,default,default,rtt_uncertainty,always_explain,202,200,0.0,0.030468543454108557,1.570199999999998,1.0,1.0,0.8499999999999996,0.0,0.0710222222222222,0.0,0.0,0.0,7.52,0.08396396396396377,0.0,0.0,7.52,46.25,synthetic_default
sanity,default,default,rtt_uncertainty,threshold_explain,202,200,0.0,0.01554426323676971,0.8051039999999996,0.40515873015872994,0.8010192303305405,0.3051256613756618,29.00491700000003,0.021897222222222228,0.0,0.0,0.0,2.682199999999995,0.11013215859030878,0.0,0.0,7.56,45.4,synthetic_default
sanity,default,default,rtt_uncertainty,rate_limited,202,200,0.0,0.01966742624732549,1.017897,0.5947368421052628,0.8131636398303018,0.4078947368421063,0.5276667777777783,0.023855555555555574,0.0,0.0,0.0,3.389599999999987,0.06654848954871162,0.0,0.0,7.22,45.13,synthetic_default
sanity,default,default,rtt_uncertainty,fifo_explanation,202,200,0.0,0.016385045205977354,0.8443999999999993,0.9910714285714286,0.9766811032596306,0.8513392857142871,0.06879666666666666,0.06814166666666678,0.0,0.0,0.0,7.215,0.08430145963658031,0.0,0.0,7.28,44.76,synthetic_default
sanity,default,default,rtt_uncertainty,static_coarse_full,202,200,0.0,0.014235991770753822,0.7375789999999993,0.4152144772117963,0.8011883674521821,0.3111930294906171,23.120127777777757,0.021877777777777805,0.0,0.0,0.0,2.697999999999996,0.10616844602609721,0.0,0.0,7.46,44.96,synthetic_default
sanity,default,default,rtt_uncertainty,static_offload,202,200,0.0,0.018509843903485458,0.961186,0.38060606060605956,0.6852269206760209,0.5396487774984182,13.11064044444445,0.024844444444444454,0.27070707070707073,0.0,0.0,0.9543999999999977,0.09610274579273703,0.0,0.0,7.425,45.16,synthetic_default
sanity,default,default,rtt_uncertainty,budget_only_bexgov,202,200,0.0,0.015564820405962682,0.8065004999999998,0.3839672801635997,0.7498392768638895,0.29280845262440325,32.92516108888891,0.017983888888888883,0.0,0.07430129516019086,0.0,2.384499999999997,0.08751250972978997,0.0,0.0,7.335,44.965,synthetic_default
sanity,default,default,rtt_uncertainty,xai_gate,202,200,0.0,0.01843193201764678,0.954555,0.740219629375429,0.9328149010477228,0.7902335496768605,0.05065018888888894,0.04467555555555567,0.22580645161290322,0.02608098833218943,0.02608098833218943,3.6403999999999996,0.06575963718820876,0.0,0.0,7.285,45.57,synthetic_default
sanity,default,default,detection_matrix_perturbation,never_explain,202,200,0.0,0.01163461538461538,0.605,0.0,0.0,0.0,276.68227762683495,0.0,0.0,0.0,0.0,0.0,0.07435236065941453,0.0,0.0,7.185,44.585,synthetic_default
sanity,default,default,detection_matrix_perturbation,always_explain,202,200,0.0,0.015399202527022782,0.7933499999999996,1.0,1.0,0.8499999999999995,0.0,0.06752777777777774,0.0,0.0,0.0,7.15,0.06114574057583799,0.0,0.0,7.15,44.92,synthetic_default
sanity,default,default,detection_matrix_perturbation,threshold_explain,202,200,0.0,0.02292209359397755,1.1879859999999995,0.40137085137085143,0.8031114219504287,0.3034992784992787,6.17994263544655,0.02008611111111113,0.0,0.0,0.0,2.446599999999995,0.031595400245618244,0.0,0.0,6.93,44.785,synthetic_default
sanity,default,default,detection_matrix_perturbation,rate_limited,202,200,0.0,0.014616037099809904,0.7567309999999995,0.5955767869780609,0.8218292873590773,0.40881104033970345,0.4180415204849835,0.023433333333333372,0.0,0.0,0.0,3.324599999999987,0.060571943256023886,0.0,0.0,7.065,44.41,synthetic_default
sanity,default,default,detection_matrix_perturbation,fifo_explanation,202,200,0.0,0.016621001494608257,0.8562999999999988,0.99002849002849,0.9720009737344517,0.8514957264957285,0.10982988292874431,0.06563888888888905,0.0,0.0,0.0,6.95,0.03436843850149218,0.0,0.0,7.02,45.245,synthetic_default
sanity,default,default,detection_matrix_perturbation,static_coarse_full,202,200,0.0,0.016429022031446864,0.8511009999999999,0.4112331679659814,0.8040264513816935,0.30963855421686787,3.8057872796984333,0.02073055555555556,0.0,0.0,0.0,2.5399999999999965,0.04205900816070263,0.0,0.0,7.055,45.135,synthetic_default
sanity,default,default,detection_matrix_perturbation,static_offload,202,200,0.0,0.016525956799045997,0.8583040000000003,0.35460385438972064,0.6657525651963615,0.40428265524625356,5.034246883071086,0.0208,0.23554603854389722,0.0,0.0,0.8855999999999982,0.03010918716223676,0.0,0.0,7.005,45.335,synthetic_default
sanity,default,default,detection_matrix_perturbation,budget_only_bexgov,202,200,0.0,0.015798220476620235,0.8190214999999996,0.35702928870292916,0.7382841635644467,0.2699442119944211,31.73707616729385,0.016208888888888884,0.0,0.06206415620641562,0.0,2.1566999999999976,0.06791778373547697,0.0,0.0,7.17,44.76,synthetic_default
sanity,default,default,detection_matrix_perturbation,xai_gate,202,200,0.0,0.015293889089874002,0.7931645,0.7502316076294262,0.8251323708372967,0.9926021798365093,0.01165962621831016,0.04735777777777782,0.5435967302452316,0.0,0.42779291553133514,2.141600000000003,0.07794544186217256,0.0,0.0,7.34,45.395,synthetic_default
