comparison_family,dataset,regime,policy_a,variant_a,policy_b,variant_b,metric,direction_for_a,paired_seeds,mean_a,mean_b,mean_diff_a_minus_b,bootstrap_ci95_low,bootstrap_ci95_high,cohens_dz,favorable_seed_count,unfavorable_seed_count,tie_seed_count,sign_test_two_sided_p
default_policy,synthetic,adversarial_explanation_flood,xai_gate,default,threshold_explain,default,high_risk_explanation_coverage,higher,20,0.800328787553345,0.8843360401381127,-0.08400725258476766,-0.08465302911242042,-0.08339707635557779,-56.91337266350975,0,20,0,1.9073486328125e-06
default_policy,synthetic,adversarial_explanation_flood,xai_gate,default,threshold_explain,default,mean_explanation_debt,lower,20,1561.5569577493488,3660.899253870473,-2099.3422961211236,-2129.9384541014156,-2068.5333318102344,-30.57734106929268,20,0,0,1.9073486328125e-06
default_policy,synthetic,adversarial_explanation_flood,xai_gate,default,threshold_explain,default,exposure_use,lower,20,0.9954143333335734,1.387689861111105,-0.39227552777753166,-0.3963629166664222,-0.38856372222197544,-42.603782602450345,20,0,0,1.9073486328125e-06
default_policy,synthetic,adversarial_explanation_flood,xai_gate,default,threshold_explain,default,exposure_budget_violation_rate,lower,20,0.0,0.27956000000000003,-0.27956000000000003,-0.28128000000000003,-0.278,-71.7755478017934,20,0,0,1.9073486328125e-06
default_policy,synthetic,adversarial_explanation_flood,xai_gate,default,threshold_explain,default,packet_drop_rate,lower,20,0.0,0.0,0.0,0.0,0.0,,0,0,20,
default_policy,synthetic,adversarial_explanation_flood,xai_gate,default,threshold_explain,default,mean_packet_delay,lower,20,0.01769159268872642,0.017414759276925196,0.0002768334118012228,-0.0005152199622766621,0.0010576916839337871,0.16131423334980033,10,10,0,1.0
default_policy,synthetic,adversarial_explanation_flood,xai_gate,default,budget_only_bexgov,default,high_risk_explanation_coverage,higher,20,0.800328787553345,0.7735675144192841,0.02676127313406094,0.026255371881042794,0.02729038610158746,22.39723961013883,20,0,0,1.9073486328125e-06
default_policy,synthetic,adversarial_explanation_flood,xai_gate,default,budget_only_bexgov,default,mean_explanation_debt,lower,20,1561.5569577493488,5327.287781142498,-3765.7308233931485,-3797.3113642207923,-3732.166308452599,-51.56828731464881,20,0,0,1.9073486328125e-06
default_policy,synthetic,adversarial_explanation_flood,xai_gate,default,budget_only_bexgov,default,exposure_use,lower,20,0.9954143333335734,0.9183765833333691,0.07703775000020435,0.07602705555575824,0.077989666666873,34.30250104857712,0,20,0,1.9073486328125e-06
default_policy,synthetic,adversarial_explanation_flood,xai_gate,default,budget_only_bexgov,default,exposure_budget_violation_rate,lower,20,0.0,0.0,0.0,0.0,0.0,,0,0,20,
default_policy,synthetic,adversarial_explanation_flood,xai_gate,default,budget_only_bexgov,default,packet_drop_rate,lower,20,0.0,0.0,0.0,0.0,0.0,,0,0,20,
default_policy,synthetic,adversarial_explanation_flood,xai_gate,default,budget_only_bexgov,default,mean_packet_delay,lower,20,0.01769159268872642,0.017235492072609368,0.0004561006161170495,-0.0002523702780141919,0.0011514779231723174,0.2792955639163513,6,14,0,0.11531829833984375
default_policy,synthetic,adversarial_explanation_flood,xai_gate,default,rate_limited,default,high_risk_explanation_coverage,higher,20,0.800328787553345,0.8765628248321659,-0.07623403727882079,-0.07689286857368546,-0.07556838053242802,-50.336387634143485,0,20,0,1.9073486328125e-06
default_policy,synthetic,adversarial_explanation_flood,xai_gate,default,rate_limited,default,mean_explanation_debt,lower,20,1561.5569577493488,5005.0194287774,-3443.462471028051,-3515.211455894038,-3364.4787626063076,-20.21753346212887,20,0,0,1.9073486328125e-06
default_policy,synthetic,adversarial_explanation_flood,xai_gate,default,rate_limited,default,exposure_use,lower,20,0.9954143333335734,1.4105297222222093,-0.41511538888863586,-0.41873583333307957,-0.4114388333330768,-49.49966649912597,20,0,0,1.9073486328125e-06
default_policy,synthetic,adversarial_explanation_flood,xai_gate,default,rate_limited,default,exposure_budget_violation_rate,lower,20,0.0,0.29162,-0.29162,-0.29358,-0.2898,-66.17548996883436,20,0,0,1.9073486328125e-06
default_policy,synthetic,adversarial_explanation_flood,xai_gate,default,rate_limited,default,packet_drop_rate,lower,20,0.0,0.0,0.0,0.0,0.0,,0,0,20,
default_policy,synthetic,adversarial_explanation_flood,xai_gate,default,rate_limited,default,mean_packet_delay,lower,20,0.01769159268872642,0.01751927510258095,0.00017231758614546814,-0.0005551122357756573,0.0008551279723562381,0.10696391235937006,8,12,0,0.5034446716308594
default_policy,synthetic,adversarial_explanation_flood,xai_gate,default,static_coarse_full,default,high_risk_explanation_coverage,higher,20,0.800328787553345,0.8846528899924173,-0.08432410243907228,-0.08487151594499308,-0.08376349795598442,-66.47166290033776,0,20,0,1.9073486328125e-06
default_policy,synthetic,adversarial_explanation_flood,xai_gate,default,static_coarse_full,default,mean_explanation_debt,lower,20,1561.5569577493488,3657.718592708915,-2096.161634959566,-2133.479227684346,-2062.6846668446547,-25.807290096650835,20,0,0,1.9073486328125e-06
default_policy,synthetic,adversarial_explanation_flood,xai_gate,default,static_coarse_full,default,exposure_use,lower,20,0.9954143333335734,1.3881729166666597,-0.3927585833330862,-0.3972268611108669,-0.3881107777775305,-37.64490914180055,20,0,0,1.9073486328125e-06
default_policy,synthetic,adversarial_explanation_flood,xai_gate,default,static_coarse_full,default,exposure_budget_violation_rate,lower,20,0.0,0.2804,-0.2804,-0.28297,-0.27779,-47.589722176883036,20,0,0,1.9073486328125e-06
default_policy,synthetic,adversarial_explanation_flood,xai_gate,default,static_coarse_full,default,packet_drop_rate,lower,20,0.0,0.0,0.0,0.0,0.0,,0,0,20,
default_policy,synthetic,adversarial_explanation_flood,xai_gate,default,static_coarse_full,default,mean_packet_delay,lower,20,0.01769159268872642,0.01699009693429357,0.0007014957544328492,2.7244797690866884e-05,0.001380397674619182,0.4527301844060494,7,13,0,0.26317596435546875
tuned_envelope,synthetic,adversarial_explanation_flood,xai_gate,xai_gate_default,never_explain,never_default,high_risk_explanation_coverage,higher,20,0.8001724785246849,0.0,0.8001724785246849,0.799776250406099,0.800597118299324,860.9615505811227,20,0,0,1.9073486328125e-06
tuned_envelope,synthetic,adversarial_explanation_flood,xai_gate,xai_gate_default,never_explain,never_default,mean_explanation_debt,lower,20,1536.4255278563278,20088.797527039056,-18552.371999182727,-18619.298143425924,-18482.295813149914,-119.97009896737457,20,0,0,1.9073486328125e-06
tuned_envelope,synthetic,adversarial_explanation_flood,xai_gate,xai_gate_default,never_explain,never_default,exposure_use,lower,20,0.9946199722224615,0.0,0.9946199722224615,0.9939258888891251,0.9952778333335751,662.0326665356238,0,20,0,1.9073486328125e-06
tuned_envelope,synthetic,adversarial_explanation_flood,xai_gate,xai_gate_default,never_explain,never_default,exposure_budget_violation_rate,lower,20,0.0,0.0,0.0,0.0,0.0,,0,0,20,
tuned_envelope,synthetic,adversarial_explanation_flood,xai_gate,xai_gate_default,never_explain,never_default,packet_drop_rate,lower,20,0.0,0.0,0.0,0.0,0.0,,0,0,20,
tuned_envelope,synthetic,adversarial_explanation_flood,xai_gate,xai_gate_default,never_explain,never_default,mean_packet_delay,lower,20,0.017585444108848974,0.014708653846153849,0.002876790262695123,0.0023918391419950266,0.0033903939798447637,2.515380340013101,0,20,0,1.9073486328125e-06
tuned_envelope,synthetic,adversarial_explanation_flood,xai_gate,xai_gate_default,always_explain,always_default,high_risk_explanation_coverage,higher,20,0.8001724785246849,1.0,-0.19982752147531518,-0.20022374959390105,-0.199402881700676,-215.00841050591382,0,20,0,1.9073486328125e-06
tuned_envelope,synthetic,adversarial_explanation_flood,xai_gate,xai_gate_default,always_explain,always_default,mean_explanation_debt,lower,20,1536.4255278563278,0.0,1536.4255278563278,1516.796154608995,1554.15374210404,37.50350316355661,0,20,0,1.9073486328125e-06
tuned_envelope,synthetic,adversarial_explanation_flood,xai_gate,xai_gate_default,always_explain,always_default,exposure_use,lower,20,0.9946199722224615,2.8689247222221668,-1.8743047499997054,-1.878461055555265,-1.8700321944441485,-192.8179401444643,20,0,0,1.9073486328125e-06
tuned_envelope,synthetic,adversarial_explanation_flood,xai_gate,xai_gate_default,always_explain,always_default,exposure_budget_violation_rate,lower,20,0.0,0.65195,-0.65195,-0.65291,-0.65097,-303.06869292457395,20,0,0,1.9073486328125e-06
tuned_envelope,synthetic,adversarial_explanation_flood,xai_gate,xai_gate_default,always_explain,always_default,packet_drop_rate,lower,20,0.0,0.0,0.0,0.0,0.0,,0,0,20,
tuned_envelope,synthetic,adversarial_explanation_flood,xai_gate,xai_gate_default,always_explain,always_default,mean_packet_delay,lower,20,0.017585444108848974,0.020112911473985282,-0.002527467365136309,-0.0031229724121184244,-0.00189869765685625,-1.8368450192154901,19,1,0,4.00543212890625e-05
tuned_envelope,synthetic,adversarial_explanation_flood,xai_gate,xai_gate_default,threshold_explain,threshold_0.84,high_risk_explanation_coverage,higher,20,0.8001724785246849,0.5490009122538295,0.2511715662708553,0.2503887833272272,0.2518958179111585,143.70040637221157,20,0,0,1.9073486328125e-06
tuned_envelope,synthetic,adversarial_explanation_flood,xai_gate,xai_gate_default,threshold_explain,threshold_0.84,mean_explanation_debt,lower,20,1536.4255278563278,10394.952628265768,-8858.527100409441,-8898.343949873599,-8815.038506987059,-89.73038620727846,20,0,0,1.9073486328125e-06
tuned_envelope,synthetic,adversarial_explanation_flood,xai_gate,xai_gate_default,threshold_explain,threshold_0.84,exposure_use,lower,20,0.9946199722224615,0.5917777777777878,0.40284219444467356,0.4002727222224502,0.405324027778005,70.57033795632954,0,20,0,1.9073486328125e-06
tuned_envelope,synthetic,adversarial_explanation_flood,xai_gate,xai_gate_default,threshold_explain,threshold_0.84,exposure_budget_violation_rate,lower,20,0.0,0.0,0.0,0.0,0.0,,0,0,20,
tuned_envelope,synthetic,adversarial_explanation_flood,xai_gate,xai_gate_default,threshold_explain,threshold_0.84,packet_drop_rate,lower,20,0.0,0.0,0.0,0.0,0.0,,0,0,20,
tuned_envelope,synthetic,adversarial_explanation_flood,xai_gate,xai_gate_default,threshold_explain,threshold_0.84,mean_packet_delay,lower,20,0.017585444108848974,0.015881213042215993,0.0017042310666329804,0.0011337860445813964,0.002289624642833008,1.3140006030612041,3,17,0,0.0025768280029296875
tuned_envelope,synthetic,adversarial_explanation_flood,xai_gate,xai_gate_default,rate_limited,rate_quota_4,high_risk_explanation_coverage,higher,20,0.8001724785246849,0.5882391858232644,0.2119332927014204,0.210785518347456,0.2130521129223356,79.18241557228956,20,0,0,1.9073486328125e-06
tuned_envelope,synthetic,adversarial_explanation_flood,xai_gate,xai_gate_default,rate_limited,rate_quota_4,mean_explanation_debt,lower,20,1536.4255278563278,17510.833104903937,-15974.407577047608,-16060.87954024642,-15888.892363143113,-79.64510952227232,20,0,0,1.9073486328125e-06
tuned_envelope,synthetic,adversarial_explanation_flood,xai_gate,xai_gate_default,rate_limited,rate_quota_4,exposure_use,lower,20,0.9946199722224615,0.8765215277778273,0.11809844444463409,0.11684002777796804,0.11929744444463475,43.67271959689109,0,20,0,1.9073486328125e-06
tuned_envelope,synthetic,adversarial_explanation_flood,xai_gate,xai_gate_default,rate_limited,rate_quota_4,exposure_budget_violation_rate,lower,20,0.0,0.0,0.0,0.0,0.0,,0,0,20,
tuned_envelope,synthetic,adversarial_explanation_flood,xai_gate,xai_gate_default,rate_limited,rate_quota_4,packet_drop_rate,lower,20,0.0,0.0,0.0,0.0,0.0,,0,0,20,
tuned_envelope,synthetic,adversarial_explanation_flood,xai_gate,xai_gate_default,rate_limited,rate_quota_4,mean_packet_delay,lower,20,0.017585444108848974,0.016001529735518476,0.001583914373330495,0.0012278270498341805,0.001958762876008154,1.9203949289885764,0,20,0,1.9073486328125e-06
tuned_envelope,synthetic,adversarial_explanation_flood,xai_gate,xai_gate_default,fifo_explanation,fifo_quota_24,high_risk_explanation_coverage,higher,20,0.8001724785246849,0.9997590796806506,-0.19958660115596583,-0.19999671410636816,-0.19915364653243314,-209.72710476167023,0,20,0,1.9073486328125e-06
tuned_envelope,synthetic,adversarial_explanation_flood,xai_gate,xai_gate_default,fifo_explanation,fifo_quota_24,mean_explanation_debt,lower,20,1536.4255278563278,0.005950308888888889,1536.419577547439,1516.7900820545506,1554.1480344818178,37.50367275165435,0,20,0,1.9073486328125e-06
tuned_envelope,synthetic,adversarial_explanation_flood,xai_gate,xai_gate_default,fifo_explanation,fifo_quota_24,exposure_use,lower,20,0.9946199722224615,2.8681455555554987,-1.873525583333037,-1.8778158333330381,-1.8693430555552593,-193.8268191755737,20,0,0,1.9073486328125e-06
tuned_envelope,synthetic,adversarial_explanation_flood,xai_gate,xai_gate_default,fifo_explanation,fifo_quota_24,exposure_budget_violation_rate,lower,20,0.0,0.65104,-0.65104,-0.65207,-0.64977,-251.17403584930864,20,0,0,1.9073486328125e-06
tuned_envelope,synthetic,adversarial_explanation_flood,xai_gate,xai_gate_default,fifo_explanation,fifo_quota_24,packet_drop_rate,lower,20,0.0,0.0,0.0,0.0,0.0,,0,0,20,
tuned_envelope,synthetic,adversarial_explanation_flood,xai_gate,xai_gate_default,fifo_explanation,fifo_quota_24,mean_packet_delay,lower,20,0.017585444108848974,0.019973937373446972,-0.002388493264598001,-0.003089282839116631,-0.0016971585390614177,-1.5417968710942322,18,2,0,0.0004024505615234375
tuned_envelope,synthetic,adversarial_explanation_flood,xai_gate,xai_gate_default,static_coarse_full,static_cf_h0.86_m0.45,high_risk_explanation_coverage,higher,20,0.8001724785246849,0.6053188705837936,0.1948536079408912,0.19426056263832273,0.195519910513103,134.86807379206238,20,0,0,1.9073486328125e-06
tuned_envelope,synthetic,adversarial_explanation_flood,xai_gate,xai_gate_default,static_coarse_full,static_cf_h0.86_m0.45,mean_explanation_debt,lower,20,1536.4255278563278,7700.015765725095,-6163.590237868767,-6210.039362712764,-6115.942876567478,-59.89335676819239,20,0,0,1.9073486328125e-06
tuned_envelope,synthetic,adversarial_explanation_flood,xai_gate,xai_gate_default,static_coarse_full,static_cf_h0.86_m0.45,exposure_use,lower,20,0.9946199722224615,0.6885216666666799,0.3060983055557815,0.30410158333355986,0.30801319444467157,68.60296104319018,0,20,0,1.9073486328125e-06
tuned_envelope,synthetic,adversarial_explanation_flood,xai_gate,xai_gate_default,static_coarse_full,static_cf_h0.86_m0.45,exposure_budget_violation_rate,lower,20,0.0,0.0,0.0,0.0,0.0,,0,0,20,
tuned_envelope,synthetic,adversarial_explanation_flood,xai_gate,xai_gate_default,static_coarse_full,static_cf_h0.86_m0.45,packet_drop_rate,lower,20,0.0,0.0,0.0,0.0,0.0,,0,0,20,
tuned_envelope,synthetic,adversarial_explanation_flood,xai_gate,xai_gate_default,static_coarse_full,static_cf_h0.86_m0.45,mean_packet_delay,lower,20,0.017585444108848974,0.015979898106604107,0.0016055460022448658,0.0011759118587554764,0.002009602137723513,1.7251561517521738,1,19,0,4.00543212890625e-05
tuned_envelope,synthetic,adversarial_explanation_flood,xai_gate,xai_gate_default,static_offload,static_off_h0.86_m0.55,high_risk_explanation_coverage,higher,20,0.8001724785246849,0.5443829275344446,0.25578955099024026,0.25517328228834024,0.25638395058716557,190.25606480214051,20,0,0,1.9073486328125e-06
tuned_envelope,synthetic,adversarial_explanation_flood,xai_gate,xai_gate_default,static_offload,static_off_h0.86_m0.55,mean_explanation_debt,lower,20,1536.4255278563278,7576.863718960922,-6040.438191104594,-6087.384372821659,-5997.595716394437,-59.167106300225726,20,0,0,1.9073486328125e-06
tuned_envelope,synthetic,adversarial_explanation_flood,xai_gate,xai_gate_default,static_offload,static_off_h0.86_m0.55,exposure_use,lower,20,0.9946199722224615,0.7777633333333313,0.21685663888913018,0.21449472222246255,0.21918544444468432,41.445895733103576,0,20,0,1.9073486328125e-06
tuned_envelope,synthetic,adversarial_explanation_flood,xai_gate,xai_gate_default,static_offload,static_off_h0.86_m0.55,exposure_budget_violation_rate,lower,20,0.0,0.0,0.0,0.0,0.0,,0,0,20,
tuned_envelope,synthetic,adversarial_explanation_flood,xai_gate,xai_gate_default,static_offload,static_off_h0.86_m0.55,packet_drop_rate,lower,20,0.0,0.0,0.0,0.0,0.0,,0,0,20,
tuned_envelope,synthetic,adversarial_explanation_flood,xai_gate,xai_gate_default,static_offload,static_off_h0.86_m0.55,mean_packet_delay,lower,20,0.017585444108848974,0.015516883748711342,0.00206856036013763,0.0016974583174637831,0.0024440144769951226,2.468081205508587,0,20,0,1.9073486328125e-06
tuned_envelope,synthetic,adversarial_explanation_flood,xai_gate,xai_gate_default,budget_only_bexgov,bexgov_pressure_0.72,high_risk_explanation_coverage,higher,20,0.8001724785246849,0.7736797284070993,0.02649275011758555,0.02599147125870483,0.027009407547059588,23.79108007479855,20,0,0,1.9073486328125e-06
tuned_envelope,synthetic,adversarial_explanation_flood,xai_gate,xai_gate_default,budget_only_bexgov,bexgov_pressure_0.72,mean_explanation_debt,lower,20,1536.4255278563278,5294.8107579353455,-3758.3852300790177,-3789.754242042299,-3724.650992176506,-52.03336479756952,20,0,0,1.9073486328125e-06
tuned_envelope,synthetic,adversarial_explanation_flood,xai_gate,xai_gate_default,budget_only_bexgov,bexgov_pressure_0.72,exposure_use,lower,20,0.9946199722224615,0.9184609722222564,0.07615900000020502,0.07537680555575954,0.07694883333354005,42.911640800830654,0,20,0,1.9073486328125e-06
tuned_envelope,synthetic,adversarial_explanation_flood,xai_gate,xai_gate_default,budget_only_bexgov,bexgov_pressure_0.72,exposure_budget_violation_rate,lower,20,0.0,0.0,0.0,0.0,0.0,,0,0,20,
tuned_envelope,synthetic,adversarial_explanation_flood,xai_gate,xai_gate_default,budget_only_bexgov,bexgov_pressure_0.72,packet_drop_rate,lower,20,0.0,0.0,0.0,0.0,0.0,,0,0,20,
tuned_envelope,synthetic,adversarial_explanation_flood,xai_gate,xai_gate_default,budget_only_bexgov,bexgov_pressure_0.72,mean_packet_delay,lower,20,0.017585444108848974,0.017086759412152114,0.0004986846966968584,-0.00027616853227695626,0.0011824062169390678,0.30996919786276833,9,11,0,0.8238029479980469
default_policy,unsw_nb15,adversarial_explanation_flood,xai_gate,default,threshold_explain,default,high_risk_explanation_coverage,higher,20,0.6696198058636408,0.9274733236949398,-0.2578535178312991,-0.25913650341757655,-0.256526407171569,-86.53695591094849,0,20,0,1.9073486328125e-06
default_policy,unsw_nb15,adversarial_explanation_flood,xai_gate,default,threshold_explain,default,mean_explanation_debt,lower,20,4357.419311060403,852.5543000248764,3504.865011035526,3474.006570907515,3534.1966046116777,50.541130994612324,0,20,0,1.9073486328125e-06
default_policy,unsw_nb15,adversarial_explanation_flood,xai_gate,default,threshold_explain,default,exposure_use,lower,20,1.0,2.308550416666526,-1.308550416666526,-1.3129243055554152,-1.3041677777776366,-135.8326830293446,20,0,0,1.9073486328125e-06
default_policy,unsw_nb15,adversarial_explanation_flood,xai_gate,default,threshold_explain,default,exposure_budget_violation_rate,lower,20,0.0,0.5664399999999999,-0.5664399999999999,-0.56739,-0.56547,-265.1900558794234,20,0,0,1.9073486328125e-06
default_policy,unsw_nb15,adversarial_explanation_flood,xai_gate,default,threshold_explain,default,packet_drop_rate,lower,20,0.0,0.0,0.0,0.0,0.0,,0,0,20,
default_policy,unsw_nb15,adversarial_explanation_flood,xai_gate,default,threshold_explain,default,mean_packet_delay,lower,20,0.017356427727545722,0.019311970206687516,-0.001955542479141793,-0.0027783810538522867,-0.0010980409586194965,-1.0090410019382592,18,2,0,0.0004024505615234375
default_policy,unsw_nb15,adversarial_explanation_flood,xai_gate,default,budget_only_bexgov,default,high_risk_explanation_coverage,higher,20,0.6696198058636408,0.736671332271074,-0.06705152640743325,-0.06834738775300338,-0.06570521763477524,-22.256128660665862,0,20,0,1.9073486328125e-06
default_policy,unsw_nb15,adversarial_explanation_flood,xai_gate,default,budget_only_bexgov,default,mean_explanation_debt,lower,20,4357.419311060403,7946.761591624304,-3589.342280563901,-3646.356104989178,-3537.3188663346355,-29.402615858457207,20,0,0,1.9073486328125e-06
default_policy,unsw_nb15,adversarial_explanation_flood,xai_gate,default,budget_only_bexgov,default,exposure_use,lower,20,1.0,0.90723180555557,0.09276819444443002,0.09224744444443035,0.09320566666665225,88.16412005772222,0,20,0,1.9073486328125e-06
default_policy,unsw_nb15,adversarial_explanation_flood,xai_gate,default,budget_only_bexgov,default,exposure_budget_violation_rate,lower,20,0.0,0.0,0.0,0.0,0.0,,0,0,20,
default_policy,unsw_nb15,adversarial_explanation_flood,xai_gate,default,budget_only_bexgov,default,packet_drop_rate,lower,20,0.0,0.0,0.0,0.0,0.0,,0,0,20,
default_policy,unsw_nb15,adversarial_explanation_flood,xai_gate,default,budget_only_bexgov,default,mean_packet_delay,lower,20,0.017356427727545722,0.017117900946027633,0.00023852678151808966,-0.00040630521375356843,0.0008952789659518686,0.15705701571486538,8,12,0,0.5034446716308594
default_policy,unsw_nb15,adversarial_explanation_flood,xai_gate,default,rate_limited,default,high_risk_explanation_coverage,higher,20,0.6696198058636408,0.848504944032944,-0.17888513816930324,-0.1802838478408245,-0.1775985662667027,-57.03150556417442,0,20,0,1.9073486328125e-06
default_policy,unsw_nb15,adversarial_explanation_flood,xai_gate,default,rate_limited,default,mean_explanation_debt,lower,20,4357.419311060403,4850.541729548632,-493.12241848822987,-570.0407124450255,-418.7720145754202,-2.8080385721466965,20,0,0,1.9073486328125e-06
default_policy,unsw_nb15,adversarial_explanation_flood,xai_gate,default,rate_limited,default,exposure_use,lower,20,1.0,2.126106805555443,-1.1261068055554428,-1.127802361110999,-1.1243502777776642,-286.46595322447195,20,0,0,1.9073486328125e-06
default_policy,unsw_nb15,adversarial_explanation_flood,xai_gate,default,rate_limited,default,exposure_budget_violation_rate,lower,20,0.0,0.52971,-0.52971,-0.5303,-0.52908,-374.7583328605915,20,0,0,1.9073486328125e-06
default_policy,unsw_nb15,adversarial_explanation_flood,xai_gate,default,rate_limited,default,packet_drop_rate,lower,20,0.0,0.0,0.0,0.0,0.0,,0,0,20,
default_policy,unsw_nb15,adversarial_explanation_flood,xai_gate,default,rate_limited,default,mean_packet_delay,lower,20,0.017356427727545722,0.01807750619253286,-0.0007210784649871384,-0.001542927112054849,-4.09776422426792e-05,-0.41166532120540755,13,7,0,0.26317596435546875
default_policy,unsw_nb15,adversarial_explanation_flood,xai_gate,default,static_coarse_full,default,high_risk_explanation_coverage,higher,20,0.6696198058636408,0.9275958962114145,-0.25797609034777375,-0.25928853939805663,-0.2565434725807694,-81.66690903248856,0,20,0,1.9073486328125e-06
default_policy,unsw_nb15,adversarial_explanation_flood,xai_gate,default,static_coarse_full,default,mean_explanation_debt,lower,20,4357.419311060403,841.5329120428404,3515.8863990175623,3475.4492221215232,3554.1397369662423,40.482159884074086,0,20,0,1.9073486328125e-06
default_policy,unsw_nb15,adversarial_explanation_flood,xai_gate,default,static_coarse_full,default,exposure_use,lower,20,1.0,2.3053288888887504,-1.3053288888887502,-1.3096913888887518,-1.3010604166665276,-128.47021024217182,20,0,0,1.9073486328125e-06
default_policy,unsw_nb15,adversarial_explanation_flood,xai_gate,default,static_coarse_full,default,exposure_budget_violation_rate,lower,20,0.0,0.56654,-0.56654,-0.56769,-0.56537,-208.31492336229988,20,0,0,1.9073486328125e-06
default_policy,unsw_nb15,adversarial_explanation_flood,xai_gate,default,static_coarse_full,default,packet_drop_rate,lower,20,0.0,0.0,0.0,0.0,0.0,,0,0,20,
default_policy,unsw_nb15,adversarial_explanation_flood,xai_gate,default,static_coarse_full,default,mean_packet_delay,lower,20,0.017356427727545722,0.01880306698455737,-0.0014466392570116472,-0.0021147168830953204,-0.0008333672626929736,-1.000702880450793,16,4,0,0.01181793212890625
tuned_envelope,unsw_nb15,adversarial_explanation_flood,xai_gate,xai_gate_default,never_explain,never_default,high_risk_explanation_coverage,higher,20,0.670543144203061,0.0,0.670543144203061,0.6691947064746206,0.6719926216326237,203.029749864484,20,0,0,1.9073486328125e-06
tuned_envelope,unsw_nb15,adversarial_explanation_flood,xai_gate,xai_gate_default,never_explain,never_default,mean_explanation_debt,lower,20,4334.009889518751,29602.745875158766,-25268.735985640014,-25366.3172654527,-25179.75179522651,-120.46443569069196,20,0,0,1.9073486328125e-06
tuned_envelope,unsw_nb15,adversarial_explanation_flood,xai_gate,xai_gate_default,never_explain,never_default,exposure_use,lower,20,1.0,0.0,1.0,1.0,1.0,,0,20,0,1.9073486328125e-06
tuned_envelope,unsw_nb15,adversarial_explanation_flood,xai_gate,xai_gate_default,never_explain,never_default,exposure_budget_violation_rate,lower,20,0.0,0.0,0.0,0.0,0.0,,0,0,20,
tuned_envelope,unsw_nb15,adversarial_explanation_flood,xai_gate,xai_gate_default,never_explain,never_default,packet_drop_rate,lower,20,0.0,0.0,0.0,0.0,0.0,,0,0,20,
tuned_envelope,unsw_nb15,adversarial_explanation_flood,xai_gate,xai_gate_default,never_explain,never_default,mean_packet_delay,lower,20,0.01718815607196782,0.014584807692307694,0.0026033483796601264,0.0019660291554731667,0.003251810142812192,1.8031125098107654,0,20,0,1.9073486328125e-06
tuned_envelope,unsw_nb15,adversarial_explanation_flood,xai_gate,xai_gate_default,always_explain,always_default,high_risk_explanation_coverage,higher,20,0.670543144203061,1.0,-0.32945685579693895,-0.33080529352537935,-0.32800737836737626,-99.75427174501941,0,20,0,1.9073486328125e-06
tuned_envelope,unsw_nb15,adversarial_explanation_flood,xai_gate,xai_gate_default,always_explain,always_default,mean_explanation_debt,lower,20,4334.009889518751,0.0,4334.009889518751,4291.729623098437,4375.584172217238,45.05970986290613,0,20,0,1.9073486328125e-06
tuned_envelope,unsw_nb15,adversarial_explanation_flood,xai_gate,xai_gate_default,always_explain,always_default,exposure_use,lower,20,1.0,2.8680511111108475,-1.8680511111108475,-1.8728181944441777,-1.86331236111085,-169.4868084826098,20,0,0,1.9073486328125e-06
tuned_envelope,unsw_nb15,adversarial_explanation_flood,xai_gate,xai_gate_default,always_explain,always_default,exposure_budget_violation_rate,lower,20,0.0,0.65124,-0.65124,-0.65227,-0.65028,-295.94481616416107,20,0,0,1.9073486328125e-06
tuned_envelope,unsw_nb15,adversarial_explanation_flood,xai_gate,xai_gate_default,always_explain,always_default,packet_drop_rate,lower,20,0.0,0.0,0.0,0.0,0.0,,0,0,20,
tuned_envelope,unsw_nb15,adversarial_explanation_flood,xai_gate,xai_gate_default,always_explain,always_default,mean_packet_delay,lower,20,0.01718815607196782,0.02001655860530419,-0.0028284025333363684,-0.0035601208891004182,-0.002106395419216313,-1.7343823532524252,19,1,0,4.00543212890625e-05
tuned_envelope,unsw_nb15,adversarial_explanation_flood,xai_gate,xai_gate_default,threshold_explain,threshold_0.55,high_risk_explanation_coverage,higher,20,0.670543144203061,0.9558034329093947,-0.28526028870633374,-0.2866265285430695,-0.2838409611138793,-87.13598360155018,0,20,0,1.9073486328125e-06
tuned_envelope,unsw_nb15,adversarial_explanation_flood,xai_gate,xai_gate_default,threshold_explain,threshold_0.55,mean_explanation_debt,lower,20,4334.009889518751,82.41626406382899,4251.593625454922,4208.3089852287185,4295.403733752139,41.18377026394593,0,20,0,1.9073486328125e-06
tuned_envelope,unsw_nb15,adversarial_explanation_flood,xai_gate,xai_gate_default,threshold_explain,threshold_0.55,exposure_use,lower,20,1.0,2.4298548611109596,-1.4298548611109596,-1.4349170833331821,-1.4247170833331821,-120.5073625981859,20,0,0,1.9073486328125e-06
tuned_envelope,unsw_nb15,adversarial_explanation_flood,xai_gate,xai_gate_default,threshold_explain,threshold_0.55,exposure_budget_violation_rate,lower,20,0.0,0.58832,-0.58832,-0.58961,-0.58714,-202.53689420632378,20,0,0,1.9073486328125e-06
tuned_envelope,unsw_nb15,adversarial_explanation_flood,xai_gate,xai_gate_default,threshold_explain,threshold_0.55,packet_drop_rate,lower,20,0.0,0.0,0.0,0.0,0.0,,0,0,20,
tuned_envelope,unsw_nb15,adversarial_explanation_flood,xai_gate,xai_gate_default,threshold_explain,threshold_0.55,mean_packet_delay,lower,20,0.01718815607196782,0.01925250049189518,-0.002064344419927359,-0.002745080570714136,-0.0014269456463855614,-1.4293988947694662,18,2,0,0.0004024505615234375
tuned_envelope,unsw_nb15,adversarial_explanation_flood,xai_gate,xai_gate_default,rate_limited,rate_quota_4,high_risk_explanation_coverage,higher,20,0.670543144203061,0.3741120999099149,0.29643104429314615,0.294855327477584,0.2980649957822217,78.29513516728403,20,0,0,1.9073486328125e-06
tuned_envelope,unsw_nb15,adversarial_explanation_flood,xai_gate,xai_gate_default,rate_limited,rate_quota_4,mean_explanation_debt,lower,20,4334.009889518751,25210.277354089252,-20876.2674645705,-20990.934443451875,-20765.127912338095,-78.58627436379913,20,0,0,1.9073486328125e-06
tuned_envelope,unsw_nb15,adversarial_explanation_flood,xai_gate,xai_gate_default,rate_limited,rate_quota_4,exposure_use,lower,20,1.0,0.9416111111110573,0.058388888888942676,0.058232638888942735,0.058565972222276025,154.4690711379283,0,20,0,1.9073486328125e-06
tuned_envelope,unsw_nb15,adversarial_explanation_flood,xai_gate,xai_gate_default,rate_limited,rate_quota_4,exposure_budget_violation_rate,lower,20,0.0,0.0,0.0,0.0,0.0,,0,0,20,
tuned_envelope,unsw_nb15,adversarial_explanation_flood,xai_gate,xai_gate_default,rate_limited,rate_quota_4,packet_drop_rate,lower,20,0.0,0.0,0.0,0.0,0.0,,0,0,20,
tuned_envelope,unsw_nb15,adversarial_explanation_flood,xai_gate,xai_gate_default,rate_limited,rate_quota_4,mean_packet_delay,lower,20,0.01718815607196782,0.01653239740638127,0.0006557586655865487,-7.426248457797638e-05,0.0014202825137402295,0.38445426974826263,8,12,0,0.5034446716308594
tuned_envelope,unsw_nb15,adversarial_explanation_flood,xai_gate,xai_gate_default,fifo_explanation,fifo_quota_24,high_risk_explanation_coverage,higher,20,0.670543144203061,0.9998658579587032,-0.3293227137556422,-0.33066794424446666,-0.3278878957882765,-99.9451997600143,0,20,0,1.9073486328125e-06
tuned_envelope,unsw_nb15,adversarial_explanation_flood,xai_gate,xai_gate_default,fifo_explanation,fifo_quota_24,mean_explanation_debt,lower,20,4334.009889518751,0.006567369213348784,4334.003322149538,4291.724454034381,4375.576950054728,45.06027440018468,0,20,0,1.9073486328125e-06
tuned_envelope,unsw_nb15,adversarial_explanation_flood,xai_gate,xai_gate_default,fifo_explanation,fifo_quota_24,exposure_use,lower,20,1.0,2.869118333333073,-1.869118333333073,-1.8736870833330719,-1.8649793055552972,-192.42835591829194,20,0,0,1.9073486328125e-06
tuned_envelope,unsw_nb15,adversarial_explanation_flood,xai_gate,xai_gate_default,fifo_explanation,fifo_quota_24,exposure_budget_violation_rate,lower,20,0.0,0.65206,-0.65206,-0.65321,-0.65096,-253.2696821434938,20,0,0,1.9073486328125e-06
tuned_envelope,unsw_nb15,adversarial_explanation_flood,xai_gate,xai_gate_default,fifo_explanation,fifo_quota_24,packet_drop_rate,lower,20,0.0,0.0,0.0,0.0,0.0,,0,0,20,
tuned_envelope,unsw_nb15,adversarial_explanation_flood,xai_gate,xai_gate_default,fifo_explanation,fifo_quota_24,mean_packet_delay,lower,20,0.01718815607196782,0.020313369841971442,-0.0031252137700036216,-0.004056696663147469,-0.002346322946147498,-1.6095778697567646,20,0,0,1.9073486328125e-06
tuned_envelope,unsw_nb15,adversarial_explanation_flood,xai_gate,xai_gate_default,static_coarse_full,static_cf_h0.78_m0.45,high_risk_explanation_coverage,higher,20,0.670543144203061,0.9277075240386143,-0.25716437983555335,-0.2585487218026614,-0.2557264004048873,-77.95570747851795,0,20,0,1.9073486328125e-06
tuned_envelope,unsw_nb15,adversarial_explanation_flood,xai_gate,xai_gate_default,static_coarse_full,static_cf_h0.78_m0.45,mean_explanation_debt,lower,20,4334.009889518751,839.4020696105392,3494.6078199082117,3448.9959614035683,3537.7236045410364,34.044064157064284,0,20,0,1.9073486328125e-06
tuned_envelope,unsw_nb15,adversarial_explanation_flood,xai_gate,xai_gate_default,static_coarse_full,static_cf_h0.78_m0.45,exposure_use,lower,20,1.0,2.3098930555554147,-1.309893055555415,-1.31331611111097,-1.306697777777638,-172.6815097314422,20,0,0,1.9073486328125e-06
tuned_envelope,unsw_nb15,adversarial_explanation_flood,xai_gate,xai_gate_default,static_coarse_full,static_cf_h0.78_m0.45,exposure_budget_violation_rate,lower,20,0.0,0.56689,-0.56689,-0.56772,-0.56614,-307.7154308471524,20,0,0,1.9073486328125e-06
tuned_envelope,unsw_nb15,adversarial_explanation_flood,xai_gate,xai_gate_default,static_coarse_full,static_cf_h0.78_m0.45,packet_drop_rate,lower,20,0.0,0.0,0.0,0.0,0.0,,0,0,20,
tuned_envelope,unsw_nb15,adversarial_explanation_flood,xai_gate,xai_gate_default,static_coarse_full,static_cf_h0.78_m0.45,mean_packet_delay,lower,20,0.01718815607196782,0.018996964911271223,-0.0018088088393034042,-0.002716993413991554,-0.0008591853011244113,-0.8642595618635751,17,3,0,0.0025768280029296875
tuned_envelope,unsw_nb15,adversarial_explanation_flood,xai_gate,xai_gate_default,static_offload,static_off_h0.78_m0.35,high_risk_explanation_coverage,higher,20,0.670543144203061,0.7820412706390751,-0.11149812643601405,-0.11298721893926195,-0.10994513756144687,-31.89369665995024,0,20,0,1.9073486328125e-06
tuned_envelope,unsw_nb15,adversarial_explanation_flood,xai_gate,xai_gate_default,static_offload,static_off_h0.78_m0.35,mean_explanation_debt,lower,20,4334.009889518751,169.87728128588054,4164.132608232871,4115.3791956882005,4212.594224292295,36.26253658186398,0,20,0,1.9073486328125e-06
tuned_envelope,unsw_nb15,adversarial_explanation_flood,xai_gate,xai_gate_default,static_offload,static_off_h0.78_m0.35,exposure_use,lower,20,1.0,2.7172394444443517,-1.717239444444352,-1.722561388888797,-1.7120197222221296,-142.29587212155616,20,0,0,1.9073486328125e-06
tuned_envelope,unsw_nb15,adversarial_explanation_flood,xai_gate,xai_gate_default,static_offload,static_off_h0.78_m0.35,exposure_budget_violation_rate,lower,20,0.0,0.63141,-0.63141,-0.63266,-0.63013,-218.61450109155663,20,0,0,1.9073486328125e-06
tuned_envelope,unsw_nb15,adversarial_explanation_flood,xai_gate,xai_gate_default,static_offload,static_off_h0.78_m0.35,packet_drop_rate,lower,20,0.0,0.0,0.0,0.0,0.0,,0,0,20,
tuned_envelope,unsw_nb15,adversarial_explanation_flood,xai_gate,xai_gate_default,static_offload,static_off_h0.78_m0.35,mean_packet_delay,lower,20,0.01718815607196782,0.01536112360295956,0.0018270324690082605,0.0009643841586790087,0.00263402550407766,0.9909265832588952,2,18,0,0.0004024505615234375
tuned_envelope,unsw_nb15,adversarial_explanation_flood,xai_gate,xai_gate_default,budget_only_bexgov,bexgov_pressure_0.88,high_risk_explanation_coverage,higher,20,0.670543144203061,0.7369640446506026,-0.06642090044754159,-0.06771991862628689,-0.0650253324367165,-20.798741692654893,0,20,0,1.9073486328125e-06
tuned_envelope,unsw_nb15,adversarial_explanation_flood,xai_gate,xai_gate_default,budget_only_bexgov,bexgov_pressure_0.88,mean_explanation_debt,lower,20,4334.009889518751,7915.9459930967,-3581.9361035779484,-3623.1147446460827,-3541.97142028286,-38.57710340313196,20,0,0,1.9073486328125e-06
tuned_envelope,unsw_nb15,adversarial_explanation_flood,xai_gate,xai_gate_default,budget_only_bexgov,bexgov_pressure_0.88,exposure_use,lower,20,1.0,0.9073226111111258,0.09267738888887421,0.09229177777776305,0.09298738888887427,118.15594871327372,0,20,0,1.9073486328125e-06
tuned_envelope,unsw_nb15,adversarial_explanation_flood,xai_gate,xai_gate_default,budget_only_bexgov,bexgov_pressure_0.88,exposure_budget_violation_rate,lower,20,0.0,0.0,0.0,0.0,0.0,,0,0,20,
tuned_envelope,unsw_nb15,adversarial_explanation_flood,xai_gate,xai_gate_default,budget_only_bexgov,bexgov_pressure_0.88,packet_drop_rate,lower,20,0.0,0.0,0.0,0.0,0.0,,0,0,20,
tuned_envelope,unsw_nb15,adversarial_explanation_flood,xai_gate,xai_gate_default,budget_only_bexgov,bexgov_pressure_0.88,mean_packet_delay,lower,20,0.01718815607196782,0.016894796383713544,0.00029335968825427544,-0.00031120024179693006,0.0009469026902087341,0.20687218270614235,11,9,0,0.8238029479980469
default_policy,unsw_nb15_deduplicated,adversarial_explanation_flood,xai_gate,default,threshold_explain,default,high_risk_explanation_coverage,higher,20,0.7289557389281188,0.8447980865626196,-0.11584234763450076,-0.11716116297269741,-0.11452115159841882,-38.897831428345064,0,20,0,1.9073486328125e-06
default_policy,unsw_nb15_deduplicated,adversarial_explanation_flood,xai_gate,default,threshold_explain,default,mean_explanation_debt,lower,20,2866.132120911075,4275.070297970516,-1408.9381770594405,-1448.536574474444,-1364.9679136418015,-14.511575995866464,20,0,0,1.9073486328125e-06
default_policy,unsw_nb15_deduplicated,adversarial_explanation_flood,xai_gate,default,threshold_explain,default,exposure_use,lower,20,1.0,1.6867972222221792,-0.6867972222221791,-0.690458611111068,-0.6832281944444023,-82.31289184502351,20,0,0,1.9073486328125e-06
default_policy,unsw_nb15_deduplicated,adversarial_explanation_flood,xai_gate,default,threshold_explain,default,exposure_budget_violation_rate,lower,20,0.0,0.40678000000000003,-0.40678000000000003,-0.40858,-0.40503,-101.54406537700991,20,0,0,1.9073486328125e-06
default_policy,unsw_nb15_deduplicated,adversarial_explanation_flood,xai_gate,default,threshold_explain,default,packet_drop_rate,lower,20,0.0,0.0,0.0,0.0,0.0,,0,0,20,
default_policy,unsw_nb15_deduplicated,adversarial_explanation_flood,xai_gate,default,threshold_explain,default,mean_packet_delay,lower,20,0.017414206814012144,0.018038864420923128,-0.0006246576069109818,-0.001138494236292926,-3.682789794525803e-05,-0.49973984877395433,14,6,0,0.11531829833984375
default_policy,unsw_nb15_deduplicated,adversarial_explanation_flood,xai_gate,default,budget_only_bexgov,default,high_risk_explanation_coverage,higher,20,0.7289557389281188,0.7151939777047169,0.013761761223401937,0.01238370967250157,0.015206307903128474,4.271904032886695,20,0,0,1.9073486328125e-06
default_policy,unsw_nb15_deduplicated,adversarial_explanation_flood,xai_gate,default,budget_only_bexgov,default,mean_explanation_debt,lower,20,2866.132120911075,8220.38332333705,-5354.251202425975,-5398.311763144584,-5310.61829006428,-54.83206074240519,20,0,0,1.9073486328125e-06
default_policy,unsw_nb15_deduplicated,adversarial_explanation_flood,xai_gate,default,budget_only_bexgov,default,exposure_use,lower,20,1.0,0.8930908611111841,0.10690913888881591,0.10654872222214926,0.10724913888881535,132.6177496572046,0,20,0,1.9073486328125e-06
default_policy,unsw_nb15_deduplicated,adversarial_explanation_flood,xai_gate,default,budget_only_bexgov,default,exposure_budget_violation_rate,lower,20,0.0,0.0,0.0,0.0,0.0,,0,0,20,
default_policy,unsw_nb15_deduplicated,adversarial_explanation_flood,xai_gate,default,budget_only_bexgov,default,packet_drop_rate,lower,20,0.0,0.0,0.0,0.0,0.0,,0,0,20,
default_policy,unsw_nb15_deduplicated,adversarial_explanation_flood,xai_gate,default,budget_only_bexgov,default,mean_packet_delay,lower,20,0.017414206814012144,0.017065489406871127,0.00034871740714102013,-7.386823043091726e-05,0.0007995172025951845,0.34710749406725616,7,13,0,0.26317596435546875
default_policy,unsw_nb15_deduplicated,adversarial_explanation_flood,xai_gate,default,rate_limited,default,high_risk_explanation_coverage,higher,20,0.7289557389281188,0.8319106987716903,-0.1029549598435715,-0.10415483667153651,-0.10173784948938333,-37.38793569275949,0,20,0,1.9073486328125e-06
default_policy,unsw_nb15_deduplicated,adversarial_explanation_flood,xai_gate,default,rate_limited,default,mean_explanation_debt,lower,20,2866.132120911075,5567.797450651291,-2701.6653297402163,-2791.1202303786495,-2619.5314841948966,-14.029877670890782,20,0,0,1.9073486328125e-06
default_policy,unsw_nb15_deduplicated,adversarial_explanation_flood,xai_gate,default,rate_limited,default,exposure_use,lower,20,1.0,1.6998061111110592,-0.6998061111110592,-0.7032308333332811,-0.6967188888888362,-93.1536655869142,20,0,0,1.9073486328125e-06
default_policy,unsw_nb15_deduplicated,adversarial_explanation_flood,xai_gate,default,rate_limited,default,exposure_budget_violation_rate,lower,20,0.0,0.41163,-0.41163,-0.41317,-0.41024,-123.14596212526139,20,0,0,1.9073486328125e-06
default_policy,unsw_nb15_deduplicated,adversarial_explanation_flood,xai_gate,default,rate_limited,default,packet_drop_rate,lower,20,0.0,0.0,0.0,0.0,0.0,,0,0,20,
default_policy,unsw_nb15_deduplicated,adversarial_explanation_flood,xai_gate,default,rate_limited,default,mean_packet_delay,lower,20,0.017414206814012144,0.018132177077127654,-0.0007179702631155075,-0.0014652994472874146,1.7565826516264225e-05,-0.429772529139199,13,7,0,0.26317596435546875
default_policy,unsw_nb15_deduplicated,adversarial_explanation_flood,xai_gate,default,static_coarse_full,default,high_risk_explanation_coverage,higher,20,0.7289557389281188,0.8447781383059924,-0.11582239937787353,-0.1170271856448041,-0.11460939186588623,-42.734208820227714,0,20,0,1.9073486328125e-06
default_policy,unsw_nb15_deduplicated,adversarial_explanation_flood,xai_gate,default,static_coarse_full,default,mean_explanation_debt,lower,20,2866.132120911075,4262.165030324269,-1396.032909413194,-1428.3929344510004,-1363.6562431316247,-19.171474996397272,20,0,0,1.9073486328125e-06
default_policy,unsw_nb15_deduplicated,adversarial_explanation_flood,xai_gate,default,static_coarse_full,default,exposure_use,lower,20,1.0,1.6908624999999573,-0.6908624999999573,-0.69477111111107,-0.6866476388888457,-77.67846065686827,20,0,0,1.9073486328125e-06
default_policy,unsw_nb15_deduplicated,adversarial_explanation_flood,xai_gate,default,static_coarse_full,default,exposure_budget_violation_rate,lower,20,0.0,0.40909,-0.40909,-0.41063,-0.40768,-121.79451786379849,20,0,0,1.9073486328125e-06
default_policy,unsw_nb15_deduplicated,adversarial_explanation_flood,xai_gate,default,static_coarse_full,default,packet_drop_rate,lower,20,0.0,0.0,0.0,0.0,0.0,,0,0,20,
default_policy,unsw_nb15_deduplicated,adversarial_explanation_flood,xai_gate,default,static_coarse_full,default,mean_packet_delay,lower,20,0.017414206814012144,0.017795792059650355,-0.0003815852456382095,-0.0009043664078024856,0.00012127548798875221,-0.33797886840385116,10,10,0,1.0
default_policy,toniot,adversarial_explanation_flood,xai_gate,default,threshold_explain,default,high_risk_explanation_coverage,higher,20,0.6542634016381981,0.9939726855621842,-0.33970928392398614,-0.341087581842478,-0.33827731863666644,-105.29413124588056,0,20,0,1.9073486328125e-06
default_policy,toniot,adversarial_explanation_flood,xai_gate,default,threshold_explain,default,mean_explanation_debt,lower,20,5020.237986185337,0.22359200039315985,5020.014394184944,4969.5275324982285,5068.951343780529,44.17610126076039,0,20,0,1.9073486328125e-06
default_policy,toniot,adversarial_explanation_flood,xai_gate,default,threshold_explain,default,exposure_use,lower,20,1.0,2.666350833333272,-1.6663508333332722,-1.6705784722221606,-1.6623087499999372,-181.99296808925862,20,0,0,1.9073486328125e-06
default_policy,toniot,adversarial_explanation_flood,xai_gate,default,threshold_explain,default,exposure_budget_violation_rate,lower,20,0.0,0.62497,-0.62497,-0.62607,-0.62386,-248.57808630023905,20,0,0,1.9073486328125e-06
default_policy,toniot,adversarial_explanation_flood,xai_gate,default,threshold_explain,default,packet_drop_rate,lower,20,0.0,0.0,0.0,0.0,0.0,,0,0,20,
default_policy,toniot,adversarial_explanation_flood,xai_gate,default,threshold_explain,default,mean_packet_delay,lower,20,0.01712037967977107,0.019462894840412092,-0.0023425151606410203,-0.0031290460567819293,-0.0015491549665385925,-1.2955293506436596,18,2,0,0.0004024505615234375
default_policy,toniot,adversarial_explanation_flood,xai_gate,default,budget_only_bexgov,default,high_risk_explanation_coverage,higher,20,0.6542634016381981,0.7669246149681958,-0.11266121332999765,-0.11409675049517418,-0.1112254486177729,-33.67681280028621,0,20,0,1.9073486328125e-06
default_policy,toniot,adversarial_explanation_flood,xai_gate,default,budget_only_bexgov,default,mean_explanation_debt,lower,20,5020.237986185337,6792.30892262005,-1772.0709364347126,-1840.987350976335,-1702.6355051161333,-11.290807753573675,20,0,0,1.9073486328125e-06
default_policy,toniot,adversarial_explanation_flood,xai_gate,default,budget_only_bexgov,default,exposure_use,lower,20,1.0,0.9307331944444514,0.06926680555554864,0.06875847222221385,0.06979997222221582,57.783648654866745,0,20,0,1.9073486328125e-06
default_policy,toniot,adversarial_explanation_flood,xai_gate,default,budget_only_bexgov,default,exposure_budget_violation_rate,lower,20,0.0,0.0,0.0,0.0,0.0,,0,0,20,
default_policy,toniot,adversarial_explanation_flood,xai_gate,default,budget_only_bexgov,default,packet_drop_rate,lower,20,0.0,0.0,0.0,0.0,0.0,,0,0,20,
default_policy,toniot,adversarial_explanation_flood,xai_gate,default,budget_only_bexgov,default,mean_packet_delay,lower,20,0.01712037967977107,0.017397029895894332,-0.00027665021612326103,-0.001144211832058734,0.0005793350352068227,-0.13920358904177152,10,10,0,1.0
default_policy,toniot,adversarial_explanation_flood,xai_gate,default,rate_limited,default,high_risk_explanation_coverage,higher,20,0.6542634016381981,0.8514800459896492,-0.19721664435145117,-0.19901579346317722,-0.19540116818395248,-48.012794888912616,0,20,0,1.9073486328125e-06
default_policy,toniot,adversarial_explanation_flood,xai_gate,default,rate_limited,default,mean_explanation_debt,lower,20,5020.237986185337,4572.109127448009,448.1288587373289,358.810220743532,527.222351345469,2.3546783823211115,0,20,0,1.9073486328125e-06
default_policy,toniot,adversarial_explanation_flood,xai_gate,default,rate_limited,default,exposure_use,lower,20,1.0,2.2929816666666083,-1.292981666666608,-1.2939983333332765,-1.2920191666666074,-569.607261220252,20,0,0,1.9073486328125e-06
default_policy,toniot,adversarial_explanation_flood,xai_gate,default,rate_limited,default,exposure_budget_violation_rate,lower,20,0.0,0.56401,-0.56401,-0.56428,-0.56377,-994.0913980480623,20,0,0,1.9073486328125e-06
default_policy,toniot,adversarial_explanation_flood,xai_gate,default,rate_limited,default,packet_drop_rate,lower,20,0.0,0.0,0.0,0.0,0.0,,0,0,20,
default_policy,toniot,adversarial_explanation_flood,xai_gate,default,rate_limited,default,mean_packet_delay,lower,20,0.01712037967977107,0.01880527317682668,-0.0016848934970556063,-0.002180717278800915,-0.0011639624015096581,-1.4351728235611452,19,1,0,4.00543212890625e-05
default_policy,toniot,adversarial_explanation_flood,xai_gate,default,static_coarse_full,default,high_risk_explanation_coverage,higher,20,0.6542634016381981,0.9939526416696394,-0.3396892400314413,-0.3410309933779413,-0.33829014564120513,-107.95321719750231,0,20,0,1.9073486328125e-06
default_policy,toniot,adversarial_explanation_flood,xai_gate,default,static_coarse_full,default,mean_explanation_debt,lower,20,5020.237986185337,0.22069955502194863,5020.0172866303155,4969.531528440559,5068.9456542331145,44.17493788809529,0,20,0,1.9073486328125e-06
default_policy,toniot,adversarial_explanation_flood,xai_gate,default,static_coarse_full,default,exposure_use,lower,20,1.0,2.6617665277777163,-1.6617665277777163,-1.6685583333332712,-1.655675694444382,-114.83727945097819,20,0,0,1.9073486328125e-06
default_policy,toniot,adversarial_explanation_flood,xai_gate,default,static_coarse_full,default,exposure_budget_violation_rate,lower,20,0.0,0.6241,-0.6241,-0.62544,-0.6228,-213.0890639434629,20,0,0,1.9073486328125e-06
default_policy,toniot,adversarial_explanation_flood,xai_gate,default,static_coarse_full,default,packet_drop_rate,lower,20,0.0,0.0,0.0,0.0,0.0,,0,0,20,
default_policy,toniot,adversarial_explanation_flood,xai_gate,default,static_coarse_full,default,mean_packet_delay,lower,20,0.01712037967977107,0.01952023596487311,-0.002399856285102036,-0.0030804930105848387,-0.0016502708485695544,-1.5171500728521123,19,1,0,4.00543212890625e-05
